img_10786.jpg,جلوبندی
img_10787.jpg,سازی
img_10788.jpg,حجت
img_10789.jpg,۰۹۱۵۱۹۵۰۷۵۵
img_10790.jpg,جلوبندی
img_10791.jpg,۰۹۱۵۱۹۵۰۷۵۵
img_10792.jpg,سازی
img_10793.jpg,حجت
img_10794.jpg,کارگاه
img_10795.jpg,بلوک
img_10796.jpg,زنی
img_10797.jpg,۰۹۱۵۹۹۳۳۹۴۴
img_10798.jpg,۰۹۱۳۴۰۳۶۴۱۰
img_10799.jpg,۰۹۱۳۰۱۷۸۴۷۹
img_10800.jpg,صنایع
img_10801.jpg,سنگ
img_10802.jpg,نگین
img_10803.jpg,اصفهان
img_10804.jpg,۰۹۱۳۱۶۴۵۵۱۳
img_10805.jpg,چابهار
img_10806.jpg,بلوار
img_10807.jpg,توحید
img_10808.jpg,بلوک
img_10809.jpg,زنی
img_10810.jpg,شهریار
img_10811.jpg,۰۹۱۵۳۴۵۵۶۵۰
img_10812.jpg,سنگستان
img_10813.jpg,محمد
img_10814.jpg,تولید
img_10815.jpg,سنگ
img_10816.jpg,اسلب
img_10817.jpg,و
img_10818.jpg,تایل
img_10819.jpg,عرضه
img_10820.jpg,انواع
img_10821.jpg,کاشی
img_10822.jpg,و
img_10823.jpg,سرامیک
img_10824.jpg,چابهار
img_10825.jpg,میدان
img_10826.jpg,فرمانداری
img_10827.jpg,بلوار
img_10828.jpg,صیاد
img_10829.jpg,۰۹۱۳۴۰۳۶۴۱۰
img_10830.jpg,۰۹۱۳۰۱۷۸۴۷۹
img_10831.jpg,برادران
img_10832.jpg,حاج
img_10833.jpg,هاشمی
img_10834.jpg,1
img_10835.jpg,حجاب
img_10836.jpg,=
img_10837.jpg,زیبایی
img_10838.jpg,روح
img_10839.jpg,اندیشه
img_10840.jpg,من
img_10841.jpg,حجاب
img_10842.jpg,را
img_10843.jpg,دوست
img_10844.jpg,دارم
img_10845.jpg,و
img_10846.jpg,تیرچه
img_10847.jpg,نصب
img_10848.jpg,دوربین
img_10849.jpg,۰۹۲۱۰۳۲۵۱۰۶
img_10850.jpg,مدار
img_10851.jpg,چابهار
img_10852.jpg,شهرک
img_10853.jpg,کارگاهی
img_10854.jpg,پشت
img_10855.jpg,بسته
img_10856.jpg,کف
img_10857.jpg,قیمت
img_10858.jpg,بازار
img_10859.jpg,سنگ
img_10860.jpg,نگین
img_10861.jpg,اصفهان
img_10862.jpg,۰۹۱۳۱۶۴۵۵۱۳
img_10863.jpg,بعدکار
img_10864.jpg,اول
img_10865.jpg,ایمنی
img_10866.jpg,فروشگاه
img_10867.jpg,صبا
img_10868.jpg,باطری
img_10869.jpg,09337514705
img_10870.jpg,پارچه سرا
img_10871.jpg,و
img_10872.jpg,خیاطی
img_10873.jpg,عابد
img_10874.jpg,AB
img_10875.jpg,وانت
img_10876.jpg,بار
img_10877.jpg,اعتماد
img_10878.jpg,۰۹۳۸
img_10879.jpg,۰۵۴
img_10880.jpg,۵۴۵۸
img_10881.jpg,خیاطی
img_10882.jpg,مهران
img_10883.jpg,کارواش
img_10884.jpg,ایران
img_10885.jpg,۹۵
img_10886.jpg,کرکره
img_10887.jpg,سحرخیزان
img_10888.jpg,بلوچ
img_10889.jpg,۰۹۱۵۴۵۸۸۹۲۱
img_10890.jpg,کبابسرا
img_10891.jpg,قهوه
img_10892.jpg,چابهار
img_10893.jpg,شهرستان
img_10894.jpg,دیگران
img_10895.jpg,اسلامی
img_10896.jpg,خانی
img_10897.jpg,بلوک
img_10898.jpg,کارگاه
img_10899.jpg,مرغ
img_10900.jpg,فروشی
img_10901.jpg,اصغر
img_10902.jpg,کلی
img_10903.jpg,جزئی
img_10904.jpg,۰۹۳۸۲۷۷۶۳۷۲
img_10905.jpg,پیمانکاری
img_10906.jpg,ساختمانی
img_10907.jpg,فروشگاه
img_10908.jpg,صبا
img_10909.jpg,باطری
img_10910.jpg,۰۹۳۳۷۵۱۳۷۰۵
img_10911.jpg,10/09/2023
img_10912.jpg,11:44
img_10913.jpg,شرکت 
img_10914.jpg,تیام
img_10915.jpg,دستگاه های
img_10916.jpg,سنگین
img_10917.jpg,مرغ
img_10918.jpg,فروشی
img_10919.jpg,عدالت
img_10920.jpg,کاروان
img_10921.jpg,کلی
img_10922.jpg,جزئی
img_10923.jpg,برای
img_10924.jpg,در
img_10925.jpg,کنار
img_10926.jpg,هم
img_10927.jpg,بودن
img_10928.jpg,واکسن
img_10929.jpg,بزنیم
img_10930.jpg,خیاطی
img_10931.jpg,امید
img_10932.jpg,منزل
img_10933.jpg,احاره ای
img_10934.jpg,۰۹۱۵۴۶۶۸۸۴۰
img_10935.jpg,۰۹۱۵۴۶۶۵۵۴۰
img_10936.jpg,برای
img_10937.jpg,ایام
img_10938.jpg,نوروز
img_10939.jpg,بینایی سنجی
img_10940.jpg,عینک
img_10941.jpg,ممتاز
img_10942.jpg,۰۹۰۲۰۵۱۰۷۲۰
img_10943.jpg,دیوارنویسی
img_10944.jpg,۰۹۱۵۵۵۵۱۳۶۳
img_10945.jpg,کابینت
img_10946.jpg,ام
img_10947.jpg,دی
img_10948.jpg,اف
img_10949.jpg,صداقت
img_10950.jpg,چوب
img_10951.jpg,ام
img_10952.jpg,دی
img_10953.jpg,اف
img_10954.jpg,دریا
img_10955.jpg,آسانسور
img_10956.jpg,و
img_10957.jpg,آذرخش
img_10958.jpg,پله
img_10959.jpg,برقی
img_10960.jpg,پروانه
img_10961.jpg,طراحی
img_10962.jpg,ومنتاژ
img_10963.jpg,از
img_10964.jpg,وزارت
img_10965.jpg,صتعت
img_10966.jpg,معدن
img_10967.jpg,وتجارت
img_10968.jpg,کاش
img_10969.jpg,زندگی
img_10970.jpg,از
img_10971.jpg,اینا
img_10972.jpg,داشت
img_10973.jpg,مرغ
img_10974.jpg,زغال
img_10975.jpg,کپسول
img_10976.jpg,۰۹۱۵۹۹۴۹۷۱۲
img_10977.jpg,صلاحزهی
img_10978.jpg,مرغ
img_10979.jpg,فروشی
img_10980.jpg,عدالت
img_10981.jpg,کاروان
img_10982.jpg,آیندگان
img_10983.jpg,اصفهان
img_10984.jpg,جوشکاری
img_10985.jpg,آرگون
img_10986.jpg,ناصر
img_10987.jpg,به
img_10988.jpg,یه
img_10989.jpg,اتفاق
img_10990.jpg,خوب
img_10991.jpg,نیازمندیم
img_10992.jpg,واسه
img_10993.jpg,افتادن
img_10994.jpg,واسه
img_10995.jpg,رخ
img_10996.jpg,دادن
img_10997.jpg,کارواش
img_10998.jpg,ایران
img_10999.jpg,۹۵
img_11000.jpg,خدا
img_11001.jpg,با
img_11002.jpg,ما
img_11003.jpg,است
img_11004.jpg,سوئیت
img_11005.jpg,ثبت
img_11006.jpg,نام
img_11007.jpg,فوری
img_11008.jpg,وام
img_11009.jpg,ازدواج
img_11010.jpg,۰۹۰۲۹۰۱۱۸۱۶
img_11011.jpg,کمپ
img_11012.jpg,ترک
img_11013.jpg,اعتیاد
img_11014.jpg,امید
img_11015.jpg,رهایی
img_11016.jpg,۰۹۳۸۳۵۲۳۰۰۲
img_11017.jpg,۰۹۳۸۹۲۳۷۵۵۵
img_11018.jpg,منان
img_11019.jpg,رکی
img_11020.jpg,پرانه
img_11021.jpg,۰۹۱۵۹۹۷۱۹۵۱
img_11022.jpg,تابلو حسین بر
img_11023.jpg,بلوار
img_11024.jpg,صیاد
img_11025.jpg,۲۲
img_11026.jpg,مختاری
img_11027.jpg,از
img_11028.jpg,تو
img_11029.jpg,۹۴
img_11030.jpg,ایران
img_11031.jpg,یدک
img_11032.jpg,پژو
img_11033.jpg,پراید
img_11034.jpg,زانتیا
img_11035.jpg,سمند
img_11036.jpg,و
img_11037.jpg,۰۹۱۵۸۳۸۰۴۵۱
img_11038.jpg,لوازم
img_11039.jpg,یدکی
img_11040.jpg,ایران
img_11041.jpg,یدک
img_11042.jpg,پژو
img_11043.jpg,پراید
img_11044.jpg,پارس
img_11045.jpg,سمند
img_11046.jpg,سپر
img_11047.jpg,سازی
img_11048.jpg,میلاد
img_11049.jpg,،
img_11050.jpg,،
img_11051.jpg,با
img_11052.jpg,مدیریت
img_11053.jpg,شهاب
img_11054.jpg,:
img_11055.jpg,سپر
img_11056.jpg,سازی
img_11057.jpg,و
img_11058.jpg,پولیش
img_11059.jpg,و
img_11060.jpg,سرامیک
img_11061.jpg,بدنه
img_11062.jpg,ماشین
img_11063.jpg,جلوبندی
img_11064.jpg,سپر
img_11065.jpg,چراغ
img_11066.jpg,اگزوز
img_11067.jpg,تسمه تایم
img_11068.jpg,بلبرینگ
img_11069.jpg,سپرساز
img_11070.jpg,جان
img_11071.jpg,انسان
img_11072.jpg,در
img_11073.jpg,مقابل
img_11074.jpg,برق
img_11075.jpg,بسیار
img_11076.jpg,تولیدی
img_11077.jpg,تیرچه
img_11078.jpg,صنعتی
img_11079.jpg,پارسیان
img_11080.jpg,نفیس ترین
img_11081.jpg,چای 
img_11082.jpg,دنیا
img_11083.jpg,THE
img_11084.jpg,WORLD'S
img_11085.jpg,MOST
img_11086.jpg,EXCLUSIVE
img_11087.jpg,TEA
img_11088.jpg,بنام خدا
img_11089.jpg,جلوبندی
img_11090.jpg,سازی
img_11091.jpg,شمال
img_11092.jpg,حسین
img_11093.jpg,مهدی پور
img_11094.jpg,10/09/2023
img_11095.jpg,11:46
img_11096.jpg,استاد
img_11097.jpg,مدیریت
img_11098.jpg,پیرامون
img_11099.jpg,نعمیرگاه
img_11100.jpg,مکانیکی
img_11101.jpg,بلدوزر
img_11102.jpg,لودر
img_11103.jpg,گریدر
img_11104.jpg,بیل
img_11105.jpg,میک
img_11106.jpg,شماره
img_11107.jpg,تماس
img_11108.jpg,۰۹۰۱۳۹۱۴۳۱۴
img_11109.jpg,لوازم
img_11110.jpg,گرگیج
img_11111.jpg,بورس
img_11112.jpg,انواع
img_11113.jpg,قطعات
img_11114.jpg,پراید
img_11115.jpg,زانتیا
img_11116.jpg,پژو
img_11117.jpg,تویوتا
img_11118.jpg,یدکی
img_11119.jpg,پیرایش
img_11120.jpg,دکتر
img_11121.jpg,ژست
img_11122.jpg,صافکاری
img_11123.jpg,و
img_11124.jpg,نقاشی
img_11125.jpg,بلوچستان
img_11126.jpg,۰۹۱۵۵۴۶۴۸۰۳
img_11127.jpg,۰۹۱۵۱۴۵۰۳۲۴
img_11128.jpg,ماشینهای
img_11129.jpg,ایرانی
img_11130.jpg,و
img_11131.jpg,خارجی
