img_649.jpg,مارال
img_650.jpg,چرم
img_651.jpg,50
img_652.jpg,%
img_653.jpg,GEOX
img_654.jpg,E
img_655.jpg,A
img_656.jpg,S
img_657.jpg,Chocolate
img_658.jpg,###
img_659.jpg,Chocoshop
img_660.jpg,Coffee
img_661.jpg,Up to
img_662.jpg,ال
img_663.jpg,سی
img_664.jpg,و
img_665.jpg,ایکیکی
img_666.jpg,141
img_667.jpg,تخفیف
img_668.jpg,LC WaIKKI
img_669.jpg,تخفیف
img_670.jpg,G
img_671.jpg,شرکت
img_672.jpg,بازرگانی
img_673.jpg,جدگال
img_674.jpg,بصورت
img_675.jpg,کلی
img_676.jpg,09153455863
img_677.jpg,مسعود
img_678.jpg,09155453522
img_679.jpg,یوسف
img_680.jpg,سالن
img_681.jpg,دست
img_682.jpg,قیچی
img_683.jpg,549
img_684.jpg,barberdastgheychi
img_685.jpg,0933
img_686.jpg,4242
img_687.jpg,۶۹
img_688.jpg,ق
img_689.jpg,۹۴۱
img_690.jpg,۹۵
img_691.jpg,غرفه
img_692.jpg,:
img_693.jpg,۶۳
img_694.jpg,موبایل
img_695.jpg,فروشی
img_696.jpg,تاجیک
img_697.jpg,۰۹۱۵۹۹۹۹۸۲۴
img_698.jpg,انی
img_699.jpg,جدگال
img_700.jpg,یوسف
img_701.jpg,09155453533
img_702.jpg,مسعود
img_703.jpg,091533
img_704.jpg,تع
img_705.jpg,موبایل
img_706.jpg,آتلانتیس
img_707.jpg,###
img_708.jpg,###
img_709.jpg,ATLANTIS
img_710.jpg,###
img_711.jpg,iphone
img_712.jpg,###
img_713.jpg,گری
img_714.jpg,عطر
img_715.jpg,نو
img_716.jpg,د
img_717.jpg,شعبه
img_718.jpg,مرکزی
img_719.jpg,واحد
img_720.jpg,عیب یابی
img_721.jpg,سیستم
img_722.jpg,یل
img_723.jpg,###
img_724.jpg,###
img_725.jpg,واحد
img_726.jpg,###
img_727.jpg,NEW
img_728.jpg,موبایل
img_729.jpg,عطر
img_730.jpg,خلیج
img_731.jpg,چابهار
img_732.jpg,عطرهای
img_733.jpg,زنانه
img_734.jpg,بلوتوث
img_735.jpg,صرافی
img_736.jpg,صدف
img_737.jpg,ثبت
img_738.jpg,:
img_739.jpg,۱۲۷۸
img_740.jpg,با
img_741.jpg,مجوز
img_742.jpg,رسمی
img_743.jpg,از
img_744.jpg,بانک
img_745.jpg,مرکزی
img_746.jpg,شرکت
img_747.jpg,تضامنی
img_748.jpg,فرهمندی
img_749.jpg,و
img_750.jpg,شرکائ
img_751.jpg,خرید
img_752.jpg,و
img_753.jpg,فروش
img_754.jpg,نقدی
img_755.jpg,ارز
img_756.jpg,و
img_757.jpg,مسکوکات
img_758.jpg,طلا
img_759.jpg,و
img_760.jpg,نقره
img_761.jpg,تلفن
img_762.jpg,####
img_763.jpg,4442305
img_764.jpg,۶۲۹
img_765.jpg,واحد
img_766.jpg,صرافی
img_767.jpg,صدف
img_768.jpg,با
img_769.jpg,مجوز
img_770.jpg,رسمی
img_771.jpg,از
img_772.jpg,بانک
img_773.jpg,مرکزی
img_774.jpg,شرکت
img_775.jpg,تضامنی
img_776.jpg,فرهمندی
img_777.jpg,و
img_778.jpg,شرکائ
img_779.jpg,
img_780.jpg,
img_781.jpg,رئال
img_782.jpg,تعمیرات
img_783.jpg,رئال
img_784.jpg,شعبه 1
img_785.jpg,SADAF
img_786.jpg,EXCHANGE
img_787.jpg,عطر
img_788.jpg,خلیج
img_789.jpg,چابهار
img_790.jpg,بورس
img_791.jpg,
img_792.jpg,و
img_793.jpg,اسانس
img_794.jpg,عربی
img_795.jpg,و
img_796.jpg,فرانسوی
img_797.jpg,
img_798.jpg,بصورت
img_799.jpg,کلی
img_800.jpg,و
img_801.jpg,جزیی
img_802.jpg,فلش
img_803.jpg,لوازم
img_804.jpg,جانبی
img_805.jpg,اتاق
img_806.jpg,برق
img_807.jpg,ویکتور
img_808.jpg,ینوکس
img_809.jpg,پاورپوینت
img_810.jpg,شهرزاد
img_811.jpg,چابهار
img_812.jpg,سامر
img_813.jpg,موبایل
img_814.jpg,فروش
img_815.jpg,عمد
img_816.jpg,واحد
img_817.jpg,۶۱۸
img_818.jpg,۸۲
img_819.jpg,هخامنش
img_820.jpg,مکران
img_821.jpg,آکام
img_822.jpg,تجارت
img_823.jpg,مکران
img_824.jpg,منط
img_825.jpg,####
img_826.jpg,شرکت
img_827.jpg,بازرگانی
img_828.jpg,شقایق
img_829.jpg,عطر
img_830.jpg,واحد
img_831.jpg,هوالرزاق
img_832.jpg,۵۳۰
img_833.jpg,فروشگاه
img_834.jpg,آفرینش
img_835.jpg,۳۵۳۱۳۱۷۸
img_836.jpg,واحد
img_837.jpg,636
img_838.jpg,بسم الله الرحمن الرحیم
img_839.jpg,منصور
img_840.jpg,پرستیژ
img_841.jpg,prestige
img_842.jpg,بسم الله الرحمن الرحیم
img_843.jpg,لاهیج
img_844.jpg,پوشاک
img_845.jpg,شاک
img_846.jpg,از
img_847.jpg,هند
img_848.jpg,و
img_849.jpg,ی
img_850.jpg,444
img_851.jpg,پوشاک
img_852.jpg,تایلندی
img_853.jpg,قهوه
img_854.jpg,پیاده
img_855.jpg,رو
img_856.jpg,2
img_857.jpg,انواع
img_858.jpg,قهوه های
img_859.jpg,برند
img_860.jpg,ایرانی
img_861.jpg,و
img_862.jpg,خارجی
img_863.jpg,هوالرزاق
img_864.jpg,412
img_865.jpg,مولایی
img_866.jpg,09135073436
img_867.jpg,فروشگاه
img_868.jpg,بزرگ
img_869.jpg,صراف
img_870.jpg,صراف
img_871.jpg,شعبه
img_872.jpg,دیگری
img_873.jpg,ندارد
img_874.jpg,۳۵۳۱۲۲۸۳
img_875.jpg,شعبه
img_876.jpg,مرکزی
img_877.jpg,واحد
img_878.jpg,۲۲
img_879.jpg,Colleen
img_880.jpg,Colleen
img_881.jpg,کالین
img_882.jpg,این
img_883.jpg,مکان
img_884.jpg,مجهز
img_885.jpg,به
img_886.jpg,دوربین
img_887.jpg,مدار
img_888.jpg,بسته
img_889.jpg,می باشد
img_890.jpg,ورساچه
img_891.jpg,SALE
img_892.jpg,50
img_893.jpg,%
img_894.jpg,OFF
img_895.jpg,VERSACE
img_896.jpg,19.69
img_897.jpg,19
img_898.jpg,VERSACE
img_899.jpg,VERSACE
img_900.jpg,UPTO
img_901.jpg,غرفه
img_902.jpg,۳۱۴
img_903.jpg,
img_904.jpg,
img_905.jpg,بدلیجات
img_906.jpg,آنلاین
img_907.jpg,۰۹۰۱۴۹۵۹۵۹۷
img_908.jpg,۰۹۳۹۷۸۱۶۴۷۴
img_909.jpg,موبایل
img_910.jpg,ویال
img_911.jpg,جانبی
img_912.jpg,لوازم
img_913.jpg,بورس
img_914.jpg,کرده
img_915.jpg,کار
img_916.jpg,و
img_917.jpg,نو
img_918.jpg,گوشی
img_919.jpg,فروش
img_920.jpg,SADAF
img_921.jpg,فاکس
img_922.jpg,:
img_923.jpg,۴۴۴۳۳۰۵
img_924.jpg,۴۴۴۳۳۰۳
img_925.jpg,-
img_926.jpg,4
img_927.jpg,E
img_928.jpg,10000YEN
img_929.jpg,واحد
img_930.jpg,۶۲۹
img_931.jpg,این
img_932.jpg,صرافی
img_933.jpg,هیچ
img_934.jpg,گونه
img_935.jpg,فعالیتی
img_936.jpg,در
img_937.jpg,فضای
img_938.jpg,مجازی
img_939.jpg,ندارد
img_940.jpg,
img_941.jpg,
img_942.jpg,
img_943.jpg,شعبه
img_944.jpg,یک
img_945.jpg,تعمیرات
img_946.jpg,رئال
img_947.jpg,رئال
img_948.jpg,تعمیرات
img_949.jpg,شعبه
img_950.jpg,1
img_951.jpg,مرکز
img_952.jpg,رنگ
img_953.jpg,و
img_954.jpg,بوی
img_955.jpg,شرکت
img_956.jpg,پخش
img_957.jpg,آرا
img_958.jpg,نادیا
img_959.jpg,مرکز
img_960.jpg,تجارت
img_961.jpg,نیا
img_962.jpg,چابهار
img_963.jpg,تلفن:
img_964.jpg,۵۳۱۳۲۴۲
img_965.jpg,۰۵۴۳
img_966.jpg,:فکس
img_967.jpg,۰۵۴۳۵۳۱۳۲۴۳
img_968.jpg,www.nia.ir
img_969.jpg,مطبوع
img_970.jpg,تهویه
img_971.jpg,سیستمهای
img_972.jpg,گری
img_973.jpg,GREE
img_974.jpg,OGENERAL
img_975.jpg,اجنرال
img_976.jpg,NIA
img_977.jpg,موبایل
img_978.jpg,۰۵۴۳۵۳۱۳۲۴۲
img_979.jpg,۳۵۳۱۳۲۴۳
img_980.jpg,NIA
img_981.jpg,قطعات
img_982.jpg,انواع گوشی
img_983.jpg,بسم الله الرحمن الرحیم
img_984.jpg,عمده
img_985.jpg,تکی
img_986.jpg,تلفن
img_987.jpg,Ali
img_988.jpg,Mobile
img_989.jpg,انواع
img_990.jpg,تبلت
img_991.jpg,کرده
img_992.jpg,کار
img_993.jpg,نو
img_994.jpg,و
img_995.jpg,اصلی
img_996.jpg,و
img_997.jpg,چینی
img_998.jpg,جانبی
img_999.jpg,لوازم
img_1000.jpg,شیک ترین
img_1001.jpg,بورس
img_1002.jpg,گانی
img_1003.jpg,سپید
img_1004.jpg,شبنم
img_1005.jpg,صادرات
img_1006.jpg,۳۱۳
img_1007.jpg,ارزان
img_1008.jpg,تر
img_1009.jpg,از
img_1010.jpg,ارزان
img_1011.jpg,کلی
img_1012.jpg,۸۰۰
img_1013.jpg,۶۶۵
img_1014.jpg,comline
img_1015.jpg,comline
img_1016.jpg,Good
img_1017.jpg,ورساچه
img_1018.jpg,SALE
img_1019.jpg,50
img_1020.jpg,%
img_1021.jpg,OFF
img_1022.jpg,VERSACE
img_1023.jpg,50
img_1024.jpg,19.69
img_1025.jpg,VERSACE
img_1026.jpg,###
img_1027.jpg,ROCCO
img_1028.jpg,Vibes
img_1029.jpg,درریس
img_1030.jpg,درریس
img_1031.jpg,ZBO
img_1032.jpg,D
img_1033.jpg,مواد
img_1034.jpg,غذایی
img_1035.jpg,ابریشم
img_1036.jpg,۴۴۴۳۸۱۳
img_1037.jpg,ساحل
img_1038.jpg,موبایل
img_1039.jpg,خرید
img_1040.jpg,و
img_1041.jpg,فروش
img_1042.jpg,انواع
img_1043.jpg,گوشی
img_1044.jpg,و
img_1045.jpg,لوازم
img_1046.jpg,جانبی
img_1047.jpg,۰۹۳۳۲۷۱۲۹۱۱
img_1048.jpg,۹۱۵۹۹۰۵۱۴
img_1049.jpg,هوالرزاق
img_1050.jpg,634
img_1051.jpg,SONY
img_1052.jpg,htc
img_1053.jpg,SAMSUNG
img_1054.jpg,Huawei
img_1055.jpg,iPhone
img_1056.jpg,کاور
img_1057.jpg,مبل
img_1058.jpg,موجود
img_1059.jpg,است
img_1060.jpg,گالری
img_1061.jpg,الینا
img_1062.jpg,ک
img_1063.jpg,زنانه
img_1064.jpg,Clothing
img_1065.jpg,Women's
img_1066.jpg,کوکو
img_1067.jpg,ساینا
img_1068.jpg,پاریس
img_1069.jpg,مرکزتجاری
img_1070.jpg,اپال
img_1071.jpg,حاج
img_1072.jpg,سردار
img_1073.jpg,ولی
img_1074.jpg,واحد 
img_1075.jpg,401
img_1076.jpg,انواع
img_1077.jpg,چای
img_1078.jpg,درجه
img_1079.jpg,1
img_1080.jpg,سریلانکا
img_1081.jpg,انواع
img_1082.jpg,قهوه
img_1083.jpg,نسکافه
img_1084.jpg,کاپوچینو
img_1085.jpg,کافی میکس
img_1086.jpg,هات چاکلت
img_1087.jpg,و
img_1088.jpg,روغن
img_1089.jpg,زیتون
img_1090.jpg,لباس
img_1091.jpg,زیر
img_1092.jpg,زنانه
img_1093.jpg,روناک
img_1094.jpg,غرفه
img_1095.jpg,۲۲۵
img_1096.jpg,متفاوت
img_1097.jpg,طرح های
img_1098.jpg,رنگ بندی
img_1099.jpg,در
img_1100.jpg,Runak
img_1101.jpg,و
img_1102.jpg,مایو
img_1103.jpg,لگ
img_1104.jpg,زیر
img_1105.jpg,لباس
img_1106.jpg,خواب
img_1107.jpg,لباس
img_1108.jpg,انواع
img_1109.jpg,BLUETOOTH
img_1110.jpg,NO.621
img_1111.jpg,راهرو
img_1112.jpg,زنبق
img_1113.jpg,b
img_1114.jpg,نمازخانه
img_1115.jpg,بایفو
img_1116.jpg,uyfon
img_1117.jpg,کلینیک تخصصی موبایل
img_1118.jpg,هوالرزاق
img_1119.jpg,جاکوبس
img_1120.jpg,Jacobs
img_1121.jpg,مرکز
img_1122.jpg,پخش
img_1123.jpg,لاستیک
img_1124.jpg,و
img_1125.jpg,باطری
img_1126.jpg,کلی
img_1127.jpg,جزئی
img_1128.jpg,ساعدی
img_1129.jpg,نیا
img_1130.jpg,دنیل
img_1131.jpg,خانه
img_1132.jpg,شکلات
img_1133.jpg,لوف
img_1134.jpg,باکس
img_1135.jpg,opalstop
img_1136.jpg,opal
img_1137.jpg,chocolatehouse
img_1138.jpg,جواهری
img_1139.jpg,قصر
img_1140.jpg,فیروزه
img_1141.jpg,طراحی
img_1142.jpg,و
img_1143.jpg,ساخت
img_1144.jpg,انواع
img_1145.jpg,نقره
img_1146.jpg,جواهر
img_1147.jpg,و
img_1148.jpg,سنگ
img_1149.jpg,کلاسیک
img_1150.jpg,فروشگاه
img_1151.jpg,مومنی
img_1152.jpg,شهرزاد
img_1153.jpg,چابهار
img_1154.jpg,تاج
img_1155.jpg,سلطان
img_1156.jpg,319
img_1157.jpg,فروشگاه
img_1158.jpg,واحد
img_1159.jpg,۳۱۰
img_1160.jpg,910_333914
img_1161.jpg,محسن
img_1162.jpg,MOHSEN
img_1163.jpg,khanegi_mohsen_cfz
img_1164.jpg,هیراد
img_1165.jpg,0912246195
img_1166.jpg,09109590055
img_1167.jpg,Hiradcfz@Gmail.com
img_1168.jpg,+98 54 3531 3943
img_1169.jpg,بازرگانی
img_1170.jpg,ماندگار
img_1171.jpg,گستران
img_1172.jpg,کالا
img_1173.jpg,۵۲۴
img_1174.jpg,واحد
img_1175.jpg,عکاسی
img_1176.jpg,رویال
img_1177.jpg,لابراتوار
img_1178.jpg,چاپ
img_1179.jpg,دیجیتال
img_1180.jpg,۰۵۴۳۵۳۲۱۶۵۰
img_1181.jpg,۰۹۱۵۹۹۳۵۹۲۲
img_1182.jpg,سیسمونی
img_1183.jpg,نی نی
img_1184.jpg,کیانا
img_1185.jpg,۸۲۴۴۹
img_1186.jpg,بدلیجات
img_1187.jpg,آنلاین
img_1188.jpg,۰۹۰۱۴۹۵۹۵۹۷
img_1189.jpg,۰۹۳۹۷۸۱۶۴۷۴
img_1190.jpg,Online Jewelry
img_1191.jpg,غرفه
img_1192.jpg,۳۱۴
img_1193.jpg,پوشاک
img_1194.jpg,بچه گانه
img_1195.jpg,سارینا
img_1196.jpg,حراج
img_1197.jpg,حراج
img_1198.jpg,روتختی
img_1199.jpg,ترک
img_1200.jpg,8
img_1201.jpg,تکه
img_1202.jpg,عطر
img_1203.jpg,حبیبی
img_1204.jpg,۰۹۱۵۳۴۰۳۰۱۲
img_1205.jpg,کلی
img_1206.jpg,و
img_1207.jpg,جزئی
img_1208.jpg,۰۹۱۵۰۳۲۲۱۸۰
img_1209.jpg,Cfz.perfume_habibi
img_1210.jpg,HABIBI
img_1211.jpg,این
img_1212.jpg,فروشگاه
img_1213.jpg,به
img_1214.jpg,داخل
img_1215.jpg,مجتمع
img_1216.jpg,به
img_1217.jpg,غرفه
img_1218.jpg,219
img_1219.jpg,انتقال
img_1220.jpg,یافت
img_1221.jpg,فروشگاه
img_1222.jpg,برادران
img_1223.jpg,رند
img_1224.jpg,بلوچ
img_1225.jpg,این
img_1226.jpg,مکان
img_1227.jpg,مجهز
img_1228.jpg,به
img_1229.jpg,دوربین
img_1230.jpg,مدار
img_1231.jpg,بسته
img_1232.jpg,می باشد
img_1233.jpg,تعمیرات
img_1234.jpg,تخصصی
img_1235.jpg,موبایل
img_1236.jpg,مکی
img_1237.jpg,تعمیر و تعویض
img_1238.jpg,تخصصی
img_1239.jpg,هارد
img_1240.jpg,تعمیر
img_1241.jpg,صرافی
img_1242.jpg,اسکناس
img_1243.jpg,صرافی
img_1244.jpg,اصیل
img_1245.jpg,ASIL
img_1246.jpg,EXCHANGE
img_1247.jpg,۲۲۹۰۰۶۹۰
img_1248.jpg,مرکزی
img_1249.jpg,بانک
img_1250.jpg,از
img_1251.jpg,رسمی
img_1252.jpg,مجوز
img_1253.jpg,با
img_1254.jpg,۵۴۰۱۹۴
img_1255.jpg,ثبت
img_1256.jpg,شماره
img_1257.jpg,6
img_1258.jpg,شرکا
img_1259.jpg,و
img_1260.jpg,جوار
img_1261.jpg,پوردارا
img_1262.jpg,صرافی
img_1263.jpg,###
img_1264.jpg,###
img_1265.jpg,###
img_1266.jpg,شرکت
img_1267.jpg,###
img_1268.jpg,###
img_1269.jpg,علی
img_1270.jpg,متشکری
img_1271.jpg,و
img_1272.jpg,###
img_1273.jpg,آپ استور
img_1274.jpg,APPSTOR
img_1275.jpg,یاس
img_1276.jpg,231
img_1277.jpg,۲۳۱
img_1278.jpg,انتقال
img_1279.jpg,یافت
img_1280.jpg,دی
img_1281.jpg,تو
img_1282.jpg,دی
img_1283.jpg,۰۹۱۵۳۴۵۱۱۵۰
img_1284.jpg,آرایشگاه
img_1285.jpg,پارس
img_1286.jpg,رنگ
img_1287.jpg,کراتینه
img_1288.jpg,اصلاح
img_1289.jpg,پاکسازی
img_1290.jpg,۰۹۰۲۵۴۵۹۶۲۹
img_1291.jpg,ماساژ
img_1292.jpg,یدن
img_1293.jpg,آب
img_1294.jpg,میوه
img_1295.jpg,موجود
img_1296.jpg,است
img_1297.jpg,ارسباران
img_1298.jpg,مکی
img_1299.jpg,تعمیرات
img_1300.jpg,کریم
img_1301.jpg,GSM
img_1302.jpg,
img_1303.jpg,خدمات
img_1304.jpg,موبایل
img_1305.jpg,کریم
img_1306.jpg,سخت
img_1307.jpg,افزار
img_1308.jpg,موبایل
img_1309.jpg,وتبلت
img_1310.jpg,GSM
img_1311.jpg,دستگاههای
img_1312.jpg,حضور
img_1313.jpg,غیاب
img_1314.jpg,دوربین
img_1315.jpg,مدار
img_1316.jpg,بسته
img_1317.jpg,شبکه
img_1318.jpg,تعمیرات
img_1319.jpg,تعویض
img_1320.jpg,گلس
img_1321.jpg,خریدو
img_1322.jpg,فروش
img_1323.jpg,گوشی
img_1324.jpg,دست
img_1325.jpg,دوم
img_1326.jpg,تعمیرات
img_1327.jpg,موبایل
img_1328.jpg,کریم
img_1329.jpg,GSM
img_1330.jpg,SAMSUNG
img_1331.jpg,ایسل
img_1332.jpg,cell
img_1333.jpg,سامسونگ
img_1334.jpg,HUAWEI
img_1335.jpg,قصر
img_1336.jpg,واحد
img_1337.jpg,۵۰۴
img_1338.jpg,طلایی
img_1339.jpg,PILSIMO
img_1340.jpg,روژا
img_1341.jpg,تخصصی
img_1342.jpg,تعمیرات
img_1343.jpg,اول
img_1344.jpg,طبقه
img_1345.jpg,۱۰۳
img_1346.jpg,پلاک
img_1347.jpg,۴۵۶۳۹
img_1348.jpg,Almas
img_1349.jpg,Paytakht
img_1350.jpg,SAFE
img_1351.jpg,REPAIR
img_1352.jpg,کیف
img_1353.jpg,هیراد
img_1354.jpg,۰۵۴۳۵۳۱۲۴۷۵
img_1355.jpg,اطا عات
img_1356.jpg,Information
img_1357.jpg,اینجاست
img_1358.jpg,اینجاست
img_1359.jpg,IN
img_1360.jpg,SEARCH
img_1361.jpg,OF
img_1362.jpg,45639
img_1363.jpg,همگام
img_1364.jpg,takht
img_1365.jpg,XBOX
img_1366.jpg,CITY
img_1367.jpg,ir
img_1368.jpg,CITY
img_1369.jpg,ir
img_1370.jpg,INCR
img_1371.jpg,CITY
img_1372.jpg,CITY
img_1373.jpg,CITY
img_1374.jpg,NG
img_1375.jpg,A52
img_1376.jpg,A03S
img_1377.jpg,Lenovo
img_1378.jpg,CITY
img_1379.jpg,ir
img_1380.jpg,پانیذ
img_1381.jpg,DANIZ
img_1382.jpg,قره قوروت
img_1383.jpg,موجود
img_1384.jpg,است
img_1385.jpg,پاپوش
img_1386.jpg,منصور
img_1387.jpg,pmcfz
img_1388.jpg,راهرو
img_1389.jpg,544
img_1390.jpg,پاپوش
img_1391.jpg,09155464112
img_1392.jpg,09935615006
img_1393.jpg,####
img_1394.jpg,ی
img_1395.jpg,شرکت
img_1396.jpg,پخش
img_1397.jpg,آرایشی
img_1398.jpg,و
img_1399.jpg,بهداشتی
img_1400.jpg,شرکت
img_1401.jpg,بازرگانی
img_1402.jpg,عینک
img_1403.jpg,شعبه
img_1404.jpg,۱
img_1405.jpg,سناتور
img_1406.jpg,اورجینال
img_1407.jpg,بخرید
img_1408.jpg,اطلاعیه
img_1409.jpg,تغذیه
img_1410.jpg,دانشجویی
img_1411.jpg,طلا
img_1412.jpg,و
img_1413.jpg,جواهری
img_1414.jpg,کوثر
img_1415.jpg,همراه
img_1416.jpg,تلفن
img_1417.jpg,۳۵۳۲۳۳۰۹
img_1418.jpg,۰۹۱۵۴۳۶۳۶۱۱
img_1419.jpg,شرکت
img_1420.jpg,آرتین
img_1421.jpg,شیمی
img_1422.jpg,چابهار
img_1423.jpg,ARTIN
img_1424.jpg,SHIMI
img_1425.jpg,CHABAHR
img_1426.jpg,CO
img_1427.jpg,صادرات
img_1428.jpg,واردات
img_1429.jpg,کافه
img_1430.jpg,دریا
img_1431.jpg,بازرگانی
img_1432.jpg,کیهان
img_1433.jpg,تجارت
img_1434.jpg,مکران
img_1435.jpg,عکاسی
img_1436.jpg,لابراتوار
img_1437.jpg,و
img_1438.jpg,عکاسی
img_1439.jpg,گلرنگ
img_1440.jpg,
img_1441.jpg,چای
img_1442.jpg,قهوه
img_1443.jpg,شرکت
img_1444.jpg,تجاری
img_1445.jpg,LAMI
img_1446.jpg,واردات
img_1447.jpg,انواع
img_1448.jpg,لن
img_1449.jpg,پارچه سرای
img_1450.jpg,حاجی
img_1451.jpg,عیسی
img_1452.jpg,۰۹۲۲۳۲۸۶۷۵۲
img_1453.jpg,رنگ
img_1454.jpg,و
img_1455.jpg,بوی
img_1456.jpg,شرکت
img_1457.jpg,پخش
img_1458.jpg,آرا
img_1459.jpg,نادیا
img_1460.jpg,SAMSUNG
img_1461.jpg,Galaxy
img_1462.jpg,Note
img_1463.jpg,فروشگاه
img_1464.jpg,یک
img_1465.jpg,واحد
img_1466.jpg,موبایل
img_1467.jpg,ir
img_1468.jpg,ITY
img_1469.jpg,SAMSUNG
img_1470.jpg,فروشگاه
img_1471.jpg,نمایندگی
img_1472.jpg,رسمی
img_1473.jpg,سامسونگ
img_1474.jpg,SAMSUNG
img_1475.jpg,###
img_1476.jpg,###
img_1477.jpg,A
img_1478.jpg,###
img_1479.jpg,###
img_1480.jpg,###
img_1481.jpg,###
img_1482.jpg,###
img_1483.jpg,پارچه
img_1484.jpg,سرای
img_1485.jpg,یاس
img_1486.jpg,کلکسیونی
img_1487.jpg,از
img_1488.jpg,نفیس
img_1489.jpg,ترین
img_1490.jpg,پارچه
img_1491.jpg,های
img_1492.jpg,کرپ
img_1493.jpg,رنگی
img_1494.jpg,طرحدار
img_1495.jpg,مجلسی
img_1496.jpg,و
img_1497.jpg,شیک
img_1498.jpg,آدرس
img_1499.jpg,چابهار
img_1500.jpg,مجتمع
img_1501.jpg,تجاری
img_1502.jpg,ابریشم
img_1503.jpg,غرفه
img_1504.jpg,506
img_1505.jpg,با
img_1506.jpg,مدیریت
img_1507.jpg,نورزهی
img_1508.jpg,۰۵۴۳۵۳۱۲۵۶۰
img_1509.jpg,۰۹۹۱۴۴۸۲۶۲۸
img_1510.jpg,PARCHE
img_1511.jpg,SARAYE
img_1512.jpg,YAS
img_1513.jpg,welcome
img_1514.jpg,open
img_1515.jpg,نمایندگی
img_1516.jpg,لوازم
img_1517.jpg,خانگی
img_1518.jpg,دلفیوری
img_1519.jpg,ایتالیا
img_1520.jpg,delfiori
img_1521.jpg,italy
img_1522.jpg,فروشگاه
img_1523.jpg,لوازم
img_1524.jpg,خانگی
img_1525.jpg,جاوید
img_1526.jpg,بورس
img_1527.jpg,انواع
img_1528.jpg,اسپیلت
img_1529.jpg,ماشین
img_1530.jpg,لباسشویی
img_1531.jpg,کولر
img_1532.jpg,پنجره ای
img_1533.jpg,جاروبرقی
img_1534.jpg,و
img_1535.jpg,LED
img_1536.jpg,۰۹۱۵۰۸۱۹۹۰۲
img_1537.jpg,۰۹۱۷۵۸۸۶۹۷۹
img_1538.jpg,۳۱۲
img_1539.jpg,هیراد
img_1540.jpg,HIRAD
img_1541.jpg,زیتون
img_1542.jpg,پرورده
img_1543.jpg,زیتون
img_1544.jpg,سبز
img_1545.jpg,بدلیجات
img_1546.jpg,یونیک
img_1547.jpg,Rhinestones
img_1548.jpg,gue
img_1549.jpg,۷۳۷۸۴
img_1550.jpg,۲۲۷
img_1551.jpg,227
img_1552.jpg,گالری
img_1553.jpg,گراناز
img_1554.jpg,چابهار
img_1555.jpg,Tel
img_1556.jpg,0939-591-8412
img_1557.jpg,تعمیرات
img_1558.jpg,تخصصی
img_1559.jpg,موبایل
img_1560.jpg,مکی
img_1561.jpg,تعمیرو تعویض
img_1562.jpg,تخصصی
img_1563.jpg,هارد
img_1564.jpg,پاور
img_1565.jpg,کریم
img_1566.jpg,تعمیرات
img_1567.jpg,موبایل
img_1568.jpg,GSM
img_1569.jpg,SAMSUNG
img_1570.jpg,Welcome
img_1571.jpg,تعمیر
img_1572.jpg,خدمات
img_1573.jpg,سخت
img_1574.jpg,###
img_1575.jpg,###
img_1576.jpg,###
img_1577.jpg,###
img_1578.jpg,0903###
img_1579.jpg,پوشاک
img_1580.jpg,نوزاد
img_1581.jpg,جی بی جو
img_1582.jpg,بی سی سی
img_1583.jpg,پولونی
img_1584.jpg,QLED
img_1585.jpg,OTHING
img_1586.jpg,آرایشگاه
img_1587.jpg,پارس
img_1588.jpg,Barber Shop
img_1589.jpg,PARS
img_1590.jpg,آرایشگاه
img_1591.jpg,ندیم
img_1592.jpg,اطفال
img_1593.jpg,نقره
img_1594.jpg,استیل
img_1595.jpg,واحد
img_1596.jpg,۴۰۷
img_1597.jpg,و
img_1598.jpg,۴۰۸
img_1599.jpg,پوست
img_1600.jpg,نقره
img_1601.jpg,استیل
img_1602.jpg,واحد
img_1603.jpg,۴۰۷
img_1604.jpg,و
img_1605.jpg,۴۰۸
img_1606.jpg,آرایشگاه
img_1607.jpg,پارس
img_1608.jpg,۰۹۰۲۵۴۵۹۶۲۹
img_1609.jpg,پوشاک
img_1610.jpg,کودک
img_1611.jpg,و
img_1612.jpg,نوجوان
img_1613.jpg,Children's
img_1614.jpg,Fashion
img_1615.jpg,سها
img_1616.jpg,کمرون
img_1617.jpg,زیگزال
img_1618.jpg,جی بی جو
img_1619.jpg,پیانو
img_1620.jpg,مرکزتجاری
img_1621.jpg,اپال
img_1622.jpg,HUAWEI
img_1623.jpg,خودپرداز
img_1624.jpg,اتاق سیگار
img_1625.jpg,چابهار
img_1626.jpg,رایانه
img_1627.jpg,غرفه
img_1628.jpg,۵۴۲
img_1629.jpg,۴۵۹۱۳۸
img_1630.jpg,۴۲
img_1631.jpg,تعمیرات
img_1632.jpg,-
img_1633.jpg,خرید
img_1634.jpg,و
img_1635.jpg,فروش
img_1636.jpg,گوشی
img_1637.jpg,های
img_1638.jpg,نو
img_1639.jpg,و
img_1640.jpg,کار
img_1641.jpg,کرده
img_1642.jpg,و
img_1643.jpg,لوازم
img_1644.jpg,جانبی
img_1645.jpg,vertu.mobile.cfz
img_1646.jpg,لپ
img_1647.jpg,تاپ
img_1648.jpg,laptop
img_1649.jpg,09153459138
img_1650.jpg,۴۵۶۳۹
img_1651.jpg,فروشگاه
img_1652.jpg,کوچک
img_1653.jpg,سامسونگ
img_1654.jpg,رسمی
img_1655.jpg,نمایندگی
img_1656.jpg,SAMSUNG
img_1657.jpg,ASUS
img_1658.jpg,###
img_1659.jpg,###
img_1660.jpg,یک
img_1661.jpg,واحد
img_1662.jpg,###
img_1663.jpg,تبلت
img_1664.jpg,موبایل
img_1665.jpg,Y.ir
img_1666.jpg,مروار
img_1667.jpg,03
img_1668.jpg,پلاک
img_1669.jpg,همکف
img_1670.jpg,طبقه
img_1671.jpg,۱۰۳
img_1672.jpg,پلاک
img_1673.jpg,اول
img_1674.jpg,طبقه
img_1675.jpg,Galaxy
img_1676.jpg,Note
img_1677.jpg,24
img_1678.jpg,ستاره
img_1679.jpg,ابریشم
img_1680.jpg,۰۹۱۵۷۳۲۰۲۲۸
img_1681.jpg,۰۵۴
img_1682.jpg,۳۵۳۱۳۴۷۱
img_1683.jpg,واحد
img_1684.jpg,۳۱۱
img_1685.jpg,آرایشی و بهداشتی
img_1686.jpg,گالری
img_1687.jpg,سینگار
img_1688.jpg,gallery
img_1689.jpg,www.dgland.com
img_1690.jpg,چارسو
img_1691.jpg,شعبه
img_1692.jpg,دی جی لند
img_1693.jpg,دی جی لند
img_1694.jpg,DGLAND
img_1695.jpg,SAM
img_1696.jpg,SAM
img_1697.jpg,###
img_1698.jpg,شهر
img_1699.jpg,اسباب
img_1700.jpg,بازی
img_1701.jpg,متین
img_1702.jpg,چارسو
img_1703.jpg,شکلات
img_1704.jpg,تلخ
img_1705.jpg,بغل
img_1706.jpg,قهوه
img_1707.jpg,پرستیژ
img_1708.jpg,prestige
img_1709.jpg,بسم الله الرحمن الرحیم
img_1710.jpg,گالری
img_1711.jpg,۹۰
img_1712.jpg,XURY
img_1713.jpg,PERFUME
img_1714.jpg,MARKET
img_1715.jpg,بوتیک
img_1716.jpg,ایمان
img_1717.jpg,IMAN
img_1718.jpg,BOUTIQUE
img_1719.jpg,مردانه
img_1720.jpg,زنانه
img_1721.jpg,بچگانه
img_1722.jpg,۰۹۱۵۳۴۶۹۵۴۵
img_1723.jpg,۰۹۰۳۱۹۹۰۰۵۱
img_1724.jpg,ریگی
img_1725.jpg,هندی
img_1726.jpg,پاکستانی
img_1727.jpg,شعبه
img_1728.jpg,ابریشم
img_1729.jpg,غرفه
img_1730.jpg,203
img_1731.jpg,شعبه 2
img_1732.jpg,عرضه
img_1733.jpg,انواع
img_1734.jpg,کفش
img_1735.jpg,شنز
img_1736.jpg,کلکشن
img_1737.jpg,فروش
img_1738.jpg,انواع
img_1739.jpg,لباس
img_1740.jpg,بلوچی
img_1741.jpg,زنانه
img_1742.jpg,و
img_1743.jpg,بچگانه
img_1744.jpg,غرفه
img_1745.jpg,۵۰۱
img_1746.jpg,Lashar
img_1747.jpg,shop
img_1748.jpg,۰۹۱۵۹۴۷۳۷۱۲
img_1749.jpg,۰۹۱۵۵۴۶۶۵۶۳
img_1750.jpg,واحد
img_1751.jpg,۲۳۴
img_1752.jpg,کارشناس
img_1753.jpg,سخت افزار
img_1754.jpg,Hardware
img_1755.jpg,Expert
img_1756.jpg,پرینت
img_1757.jpg,اتاق
img_1758.jpg,ویدیو
img_1759.jpg,کنفرانس
img_1760.jpg,Video
img_1761.jpg,Conference
img_1762.jpg,Room
img_1763.jpg,پزشک
img_1764.jpg,عمومی
img_1765.jpg,زنان
img_1766.jpg,بلور
img_1767.jpg,واحد
img_1768.jpg,۴۰۱
img_1769.jpg,غرفه
img_1770.jpg,۴۲۰
img_1771.jpg,بازار
img_1772.jpg,بزرگ
img_1773.jpg,تیس
img_1774.jpg,ورودی
img_1775.jpg,۳
img_1776.jpg,شرقی
img_1777.jpg,راهرو
img_1778.jpg,خرازی
img_1779.jpg,علاء الدین
img_1780.jpg,شرکت
img_1781.jpg,بازرگانی
img_1782.jpg,شقایق
img_1783.jpg,عطر
img_1784.jpg,واحد
img_1785.jpg,هوالرزاق
img_1786.jpg,۵۳۰
img_1787.jpg,جانبی
img_1788.jpg,اصلی
img_1789.jpg,ایفون
img_1790.jpg,پرده
img_1791.jpg,سرای
img_1792.jpg,ابریشم
img_1793.jpg,انواع
img_1794.jpg,پرده های
img_1795.jpg,آماده
img_1796.jpg,در
img_1797.jpg,طرح
img_1798.jpg,سایزهای
img_1799.jpg,مختلف
img_1800.jpg,۰۹۳۷۳۳۹۸۴۶۱
img_1801.jpg,۰۹۲۱۵۷۴۳۳۶۴
img_1802.jpg,واحد
img_1803.jpg,۵۱۰
img_1804.jpg,لوتوس
img_1805.jpg,همراه
img_1806.jpg,LOTUS
img_1807.jpg,HAMRAH
img_1808.jpg,ASUS
img_1809.jpg,IN
img_1810.jpg,SEARCH
img_1811.jpg,OF
img_1812.jpg,INCREDIBLE
img_1813.jpg,شهر
img_1814.jpg,اینجاست
img_1815.jpg,شهر
img_1816.jpg,شهر
img_1817.jpg,اینجاست
img_1818.jpg,CITY
img_1819.jpg,###
img_1820.jpg,###
img_1821.jpg,###
img_1822.jpg,CITY.ir
img_1823.jpg,###
img_1824.jpg,###
img_1825.jpg,CITY
img_1826.jpg,CITY
img_1827.jpg,ASUS
img_1828.jpg,آی تی
img_1829.jpg,جشنواره
img_1830.jpg,شگفت انگیز
img_1831.jpg,یک
img_1832.jpg,دست
img_1833.jpg,خودرو
img_1834.jpg,206
img_1835.jpg,###
img_1836.jpg,###
img_1837.jpg,###
img_1838.jpg,###
img_1839.jpg,###
img_1840.jpg,###
img_1841.jpg,پارجه
img_1842.jpg,سرای
img_1843.jpg,قصر
img_1844.jpg,ابریشم
img_1845.jpg,۰۹۰۵۳۸۳۷۳۵۶
img_1846.jpg,۰۹۳۹۱۰۸۸۲۳۷
img_1847.jpg,غرفه
img_1848.jpg,۲
img_1849.jpg,همراه
img_1850.jpg,لوتوس
img_1851.jpg,LOTUS
img_1852.jpg,HAMRAH
img_1853.jpg,ASUS
img_1854.jpg,اینجاست
img_1855.jpg,شهر
img_1856.jpg,IN
img_1857.jpg,SEARCH
img_1858.jpg,OF
img_1859.jpg,INCREDIBLE
img_1860.jpg,ASUS
img_1861.jpg,Lenovo
img_1862.jpg,صدا
img_1863.jpg,بهار
img_1864.jpg,مشکی
img_1865.jpg,و
img_1866.jpg,پالتویی
img_1867.jpg,زنانه
img_1868.jpg,و
img_1869.jpg,مردانه
img_1870.jpg,۰۹۱۵۹۱۹۰۴۳۴
img_1871.jpg,گالری
img_1872.jpg,بدلیجات
img_1873.jpg,مسکان
img_1874.jpg,انواع
img_1875.jpg,بدلیجات
img_1876.jpg,و
img_1877.jpg,زیور آلات
img_1878.jpg,با
img_1879.jpg,بهترین
img_1880.jpg,کیفیت
img_1881.jpg,مزون
img_1882.jpg,خاموشی
img_1883.jpg,شهربازی
img_1884.jpg,لیب جا
img_1885.jpg,تایر
img_1886.jpg,ASIA TYRE
img_1887.jpg,بوفه
img_1888.jpg,فاروق
img_1889.jpg,مراکشی
img_1890.jpg,قلم
img_1891.jpg,سیلان
img_1892.jpg,پارچه
img_1893.jpg,سرای
img_1894.jpg,بدلیجات
img_1895.jpg,نقره
img_1896.jpg,استیل
img_1897.jpg,SH45400
img_1898.jpg,سایت
img_1899.jpg,کارشناسی
img_1900.jpg,برادران
img_1901.jpg,Undergraduate
img_1902.jpg,Site
img_1903.jpg,M
img_1904.jpg,بوفه
img_1905.jpg,فاروق
img_1906.jpg,فنجان
img_1907.jpg,سلامتی
img_1908.jpg,چای
img_1909.jpg,مراکشی
img_1910.jpg,قلم
img_1911.jpg,مزون
img_1912.jpg,خاموشی
img_1913.jpg,گالری
img_1914.jpg,افروز
img_1915.jpg,AFRAZ
img_1916.jpg,بورس
img_1917.jpg,انواع
img_1918.jpg,ساعت
img_1919.jpg,۲۳۴
img_1920.jpg,هوالرزاق
img_1921.jpg,واحد
img_1922.jpg,پارچه
img_1923.jpg,سرای
img_1924.jpg,شمس
img_1925.jpg,جزئی
img_1926.jpg,کلی
img_1927.jpg,کلی
img_1928.jpg,جزئی
img_1929.jpg,پارچه
img_1930.jpg,سرای
img_1931.jpg,انواع
img_1932.jpg,پارچه های
img_1933.jpg,ژاپنی
img_1934.jpg,کره ای
img_1935.jpg,چینی
img_1936.jpg,اندونزی
img_1937.jpg,آی سنتر
img_1938.jpg,Apple
img_1939.jpg,Service
img_1940.jpg,Ce
img_1941.jpg,ASUSIRAN
img_1942.jpg,فروشگاه
img_1943.jpg,ایسوس
img_1944.jpg,ایران
img_1945.jpg,تعمیرات
img_1946.jpg,تخصصی
img_1947.jpg,iOS
img_1948.jpg,android
img_1949.jpg,فروشگاه
img_1950.jpg,آی سان
img_1951.jpg,iSUN
img_1952.jpg,خرید
img_1953.jpg,فروش
img_1954.jpg,و
img_1955.jpg,انواع گوشی
img_1956.jpg,لوازم
img_1957.jpg,جانبی
img_1958.jpg,###
img_1959.jpg,CITY
img_1960.jpg,ir
img_1961.jpg,CITY
img_1962.jpg,ir
img_1963.jpg,شگفت انگیز
img_1964.jpg,پایتخت
img_1965.jpg,مرکزی
img_1966.jpg,استور
img_1967.jpg,اپل
img_1968.jpg,اپل
img_1969.jpg,استور
img_1970.jpg,مرکزی
img_1971.jpg,پایتخت
img_1972.jpg,اپل
img_1973.jpg,استور
img_1974.jpg,مرکزی
img_1975.jpg,پایتخت
img_1976.jpg,اول
img_1977.jpg,طبقه
img_1978.jpg,۱۰۳
img_1979.jpg,پلاک
img_1980.jpg,۴۵۶۳۹
img_1981.jpg,105
img_1982.jpg,شرکت
img_1983.jpg,سیمرغ
img_1984.jpg,مکران
img_1985.jpg,
img_1986.jpg,۱
img_1987.jpg,پارسا
img_1988.jpg,۳۵۳۱۳۰۴۴
img_1989.jpg,09150123128
img_1990.jpg,۵۲۰
img_1991.jpg,واحد
img_1992.jpg,لباسشویی
img_1993.jpg,اسپیلت
img_1994.jpg,کولر
img_1995.jpg,یخچال
img_1996.jpg,ال ای دی
img_1997.jpg,۱۹۹۳
img_1998.jpg,ثبت
img_1999.jpg,می
img_2000.jpg,استور
img_2001.jpg,موبایل
img_2002.jpg,کارکرده
img_2003.jpg,شما
img_2004.jpg,خریداریم
img_2005.jpg,
img_2006.jpg,عمده لوازم جانبی گوشی
img_2007.jpg,SAMSUNG
img_2008.jpg,KAVOOSH
img_2009.jpg,کاوش
img_2010.jpg,۴۵۶۳۹
img_2011.jpg,واحد ۷۰
img_2012.jpg,###
img_2013.jpg,۰۲۱-۸۸۷۷۴۴۸۴
img_2014.jpg,۸۸۷۷۶۷۸۵
img_2015.jpg,طبقه
img_2016.jpg,همکف
img_2017.jpg,پلاک
img_2018.jpg,۰۳
img_2019.jpg,۱۰۳
img_2020.jpg,پلاک
img_2021.jpg,اول
img_2022.jpg,طبقه
img_2023.jpg,CITY
img_2024.jpg,ir
img_2025.jpg,شرکت
img_2026.jpg,بازرگانی
img_2027.jpg,حکمت
img_2028.jpg,نور
img_2029.jpg,گالری
img_2030.jpg,الینا
img_2031.jpg,واحد
img_2032.jpg,۰۹۱۵۹۴۱
img_2033.jpg,CLINQUE
img_2034.jpg,GARINER
img_2035.jpg,
img_2036.jpg,Dove
img_2037.jpg,TOMFO
img_2038.jpg,۲۲۲
img_2039.jpg,براندد
img_2040.jpg,انواع
img_2041.jpg,پوشاک
img_2042.jpg,مردانه
img_2043.jpg,و
img_2044.jpg,بچه گانه
img_2045.jpg,با
img_2046.jpg,برندهای
img_2047.jpg,معتبر
img_2048.jpg,۰۹۱۵۹۶۷۵۱۴۲
img_2049.jpg,مدیریت
img_2050.jpg,سردارزهی
img_2051.jpg,branded
img_2052.jpg,cfz
img_2053.jpg,فروشگاه
img_2054.jpg,مدرن
img_2055.jpg,مستقیم
img_2056.jpg,اجناس
img_2057.jpg,شرکت
img_2058.jpg,لیدل
img_2059.jpg,آلمان
img_2060.jpg,ماتیک
img_2061.jpg,MATIK
img_2062.jpg,واحد
img_2063.jpg,۱۶۰
img_2064.jpg,۰۹۳۸۴۳۸۶۶۰۲
img_2065.jpg,۰۹۱۵۲۸۴۵۷۷۸
img_2066.jpg,ارسباران
img_2067.jpg,بچه گانه
img_2068.jpg,
img_2069.jpg,محصولات
img_2070.jpg,خانگی
img_2071.jpg,بیسمارک
img_2072.jpg,آلمان
img_2073.jpg,فروشگاه
img_2074.jpg,مدرن
img_2075.jpg,نور
img_2076.jpg,لاستیک
img_2077.jpg,باطری
img_2078.jpg,شعبه
img_2079.jpg,تعمیرات
img_2080.jpg,تخصصی
img_2081.jpg,iOS
img_2082.jpg,تبلت
img_2083.jpg,موبایل
img_2084.jpg,android
img_2085.jpg,فروش
img_2086.jpg,خرید
img_2087.jpg,و
img_2088.jpg,۴۵۶۳۹
img_2089.jpg,مزون
img_2090.jpg,عبانتو
img_2091.jpg,abanto
img_2092.jpg,واحد
img_2093.jpg,۱۵۳
img_2094.jpg,mezon
img_2095.jpg,abanto
img_2096.jpg,۰۹۳۹۵۶۴۲۶۶۵
img_2097.jpg,۰۹۱۵۷۸۲۴
img_2098.jpg,berno
img_2099.jpg,tell
img_2100.jpg,09362950234
img_2101.jpg,05435312658
img_2102.jpg,یلدا
img_2103.jpg,شاپ
img_2104.jpg,هوالرزاق
img_2105.jpg,عطر
img_2106.jpg,ادکلن
img_2107.jpg,لوازم
img_2108.jpg,کاشت
img_2109.jpg,ناخن
img_2110.jpg,تتو
img_2111.jpg,بهداشتی
img_2112.jpg,آرایشی
img_2113.jpg,لوازم
img_2114.jpg,کننده
img_2115.jpg,وارد
img_2116.jpg,www.yaldashop.ir
img_2117.jpg,09153458455
img_2118.jpg,@yaaldashop
img_2119.jpg,شعبه ۲
img_2120.jpg,MEZIC
img_2121.jpg,سامر
img_2122.jpg,موبایل
img_2123.jpg,فروش
img_2124.jpg,عمد
img_2125.jpg,واحد
img_2126.jpg,۶۱۸
img_2127.jpg,۸۲
img_2128.jpg,فروشگاه
img_2129.jpg,کفش
img_2130.jpg,رند
img_2131.jpg,بلوچ
img_2132.jpg,بورس
img_2133.jpg,کفش های
img_2134.jpg,مردانه
img_2135.jpg,زنانه
img_2136.jpg,بچگانه
img_2137.jpg,انواع
img_2138.jpg,صندل
img_2139.jpg,مردانه
img_2140.jpg,واحد
img_2141.jpg,۳۰۸
img_2142.jpg,clarks
img_2143.jpg,skechers
img_2144.jpg,۰۹۱۵۹۵۳۷۱۸۹
img_2145.jpg,۰۹۰۱۱۸۸۱۲۷۲
img_2146.jpg,۰۹۲۱۵۱۴۸۳۹۳
img_2147.jpg,NIKE
img_2148.jpg,World
img_2149.jpg,Famous
img_2150.jpg,NO.58
img_2151.jpg,جانبی
img_2152.jpg,لوازم
img_2153.jpg,همراه
img_2154.jpg,تلفن
img_2155.jpg,تعمیرات
img_2156.jpg,مرکز
img_2157.jpg,و
img_2158.jpg,فروشگاه
img_2159.jpg,تعمیرات
img_2160.jpg,مرکز
img_2161.jpg,درخشان
img_2162.jpg,ستاره
img_2163.jpg,LENO
img_2164.jpg,59
img_2165.jpg,سوغات
img_2166.jpg,سنتر
img_2167.jpg,۰۹۱۵۷۰۹۹۵۷۵
img_2168.jpg,فروشگاه
img_2169.jpg,شرکت
img_2170.jpg,بازرگانی
img_2171.jpg,دریا
img_2172.jpg,صفا
img_2173.jpg,شماره
img_2174.jpg,ثبت
img_2175.jpg,۲۸۰۱
img_2176.jpg,پانیذ
img_2177.jpg,PANIZ
img_2178.jpg,RED
img_2179.jpg,ROCK
img_2180.jpg,444
img_2181.jpg,09159461092
img_2182.jpg,گالری
img_2183.jpg,مه
img_2184.jpg,رنگ
img_2185.jpg,ورودی
img_2186.jpg,شماره 
img_2187.jpg,1
img_2188.jpg,Entry
img_2189.jpg,No
img_2190.jpg,1
img_2191.jpg,ورودی
img_2192.jpg,شمالی
img_2193.jpg,آرایشی
img_2194.jpg,بهداشتی
img_2195.jpg,الماس
img_2196.jpg,لاشار
img_2197.jpg,اتاق
img_2198.jpg,سرپرستی
img_2199.jpg,فروشگاه
img_2200.jpg,مدرن
img_2201.jpg,مدرن
img_2202.jpg,قابل
img_2203.jpg,توجه
img_2204.jpg,دانشجویان
img_2205.jpg,و
img_2206.jpg,کارکنان
img_2207.jpg,محترم
img_2208.jpg,بارگذاری
img_2209.jpg,بازی های
img_2210.jpg,کامپیوتر
img_2211.jpg,در
img_2212.jpg,فلش
img_2213.jpg,انواع
img_2214.jpg,لباسهای
img_2215.jpg,مردانه
img_2216.jpg,و
img_2217.jpg,زنانه
img_2218.jpg,آلپا
img_2219.jpg,جزئی
img_2220.jpg,alpa
img_2221.jpg,۰۹۹۱۴۱۲۲۹۰۶
img_2222.jpg,۰۹۰۵۹۴۲۹۹۲۰
img_2223.jpg,کلی
img_2224.jpg,برادران
img_2225.jpg,رند
img_2226.jpg,بلوچ
img_2227.jpg,فروشگاه
img_2228.jpg,کتونی
img_2229.jpg,بازی
img_2230.jpg,بوتیک
img_2231.jpg,لیدی
img_2232.jpg,استایل
img_2233.jpg,@ladystyle_cfz
img_2234.jpg,Style
img_2235.jpg,شهربازی
img_2236.jpg,لیب جا
img_2237.jpg,گالری
img_2238.jpg,سراوان
img_2239.jpg,سراوان
img_2240.jpg,گالری
img_2241.jpg,سراوان
img_2242.jpg,گالری
img_2243.jpg,سراوان
img_2244.jpg,حیات
img_2245.jpg,ژاپنی
img_2246.jpg,پاکستانی
img_2247.jpg,و
img_2248.jpg,مزون
img_2249.jpg,پهره
img_2250.jpg,بازار
img_2251.jpg,سو
img_2252.jpg,چار
img_2253.jpg,ایسل
img_2254.jpg,ایسل
img_2255.jpg,ecell.ir
img_2256.jpg,ecell.ir
img_2257.jpg,دنیز
img_2258.jpg,215
img_2259.jpg,4030
img_2260.jpg,قطعات
img_2261.jpg,موبایل
img_2262.jpg,تعمیرات
img_2263.jpg,شرکت
img_2264.jpg,همت دوست
img_2265.jpg,۲۵۷۹
img_2266.jpg,۷۰۶
img_2267.jpg,4030
img_2268.jpg,هوالرزاق
img_2269.jpg,705
img_2270.jpg,واحد
img_2271.jpg,جانبی و گوشی
img_2272.jpg,ات
img_2273.jpg,۰۹۱۵۸۰۳۶
img_2274.jpg,فروشگاه
img_2275.jpg,دنیز
img_2276.jpg,مواد
img_2277.jpg,غذایی
img_2278.jpg,دنیز
img_2279.jpg,پرینت
img_2280.jpg,سالن
img_2281.jpg,مطالعه
img_2282.jpg,سفیر
img_2283.jpg,SAFir
img_2284.jpg,PERFUMES
img_2285.jpg,COSMETICS
img_2286.jpg,گالری
img_2287.jpg,بدلیجات
img_2288.jpg,و
img_2289.jpg,زیورآلات
img_2290.jpg,ثناء
img_2291.jpg,بصورت
img_2292.jpg,کلی
img_2293.jpg,و
img_2294.jpg,جزئی
img_2295.jpg,نمایندگی
img_2296.jpg,EX
img_2297.jpg,۲۰B
img_2298.jpg,۰۵۴۵_۴۴۴۳۸۲۰
img_2299.jpg,فودکورت
img_2300.jpg,Foodcourt
img_2301.jpg,شهربازی
img_2302.jpg,Fun Fair
img_2303.jpg,پله برقی
img_2304.jpg,Escalator
img_2305.jpg,3A
img_2306.jpg,جین وست
img_2307.jpg,ستاره
img_2308.jpg,جنوب
img_2309.jpg,هوالرزاق
img_2310.jpg,واحد
img_2311.jpg,633
img_2312.jpg,خرید
img_2313.jpg,و
img_2314.jpg,فروش
img_2315.jpg,گوشی
img_2316.jpg,های
img_2317.jpg,نو
img_2318.jpg,و
img_2319.jpg,کارکرده
img_2320.jpg,سینما
img_2321.jpg,ارگ
img_2322.jpg,CINEMA
img_2323.jpg,ARG
img_2324.jpg,CINEPLEX
img_2325.jpg,عبدالهی
img_2326.jpg,آخرین
img_2327.jpg,تولد
img_2328.jpg,قسیل
img_2329.jpg,romance
img_2330.jpg,in
img_2331.jpg,war
img_2332.jpg,A
img_2333.jpg,THE
img_2334.jpg,GLOBE
img_2335.jpg,AND
img_2336.jpg,MAIL
img_2337.jpg,تعمیرات
img_2338.jpg,تخصصی
img_2339.jpg,موبایل
img_2340.jpg,مکی
img_2341.jpg,تعمیرو تعویض
img_2342.jpg,تخصصی
img_2343.jpg,هارد
img_2344.jpg,پاور
img_2345.jpg,کریم
img_2346.jpg,تعمیرات
img_2347.jpg,موبایل
img_2348.jpg,GSM
img_2349.jpg,SAMSUNG
img_2350.jpg,Welcome
img_2351.jpg,تعمیر
img_2352.jpg,خدمات
img_2353.jpg,سخت
img_2354.jpg,###
img_2355.jpg,###
img_2356.jpg,###
img_2357.jpg,###
img_2358.jpg,0903###
img_2359.jpg,شرکت
img_2360.jpg,بازرگانی
img_2361.jpg,دریا
img_2362.jpg,صفا
img_2363.jpg,شماره
img_2364.jpg,ثبت
img_2365.jpg,۲۸۰۱
img_2366.jpg,شهربازی
img_2367.jpg,لیب جا
img_2368.jpg,چابهار
img_2369.jpg,رایانه
img_2370.jpg,غرفه
img_2371.jpg,۵۴۲
img_2372.jpg,۴۵۹۱۳۸
img_2373.jpg,۴۲
img_2374.jpg,تعمیرات
img_2375.jpg,-
img_2376.jpg,خرید
img_2377.jpg,و
img_2378.jpg,فروش
img_2379.jpg,گوشی
img_2380.jpg,های
img_2381.jpg,نو
img_2382.jpg,و
img_2383.jpg,کار
img_2384.jpg,کرده
img_2385.jpg,و
img_2386.jpg,لوازم
img_2387.jpg,جانبی
img_2388.jpg,vertu.mobile.cfz
img_2389.jpg,لپ
img_2390.jpg,تاپ
img_2391.jpg,laptop
img_2392.jpg,09153459138
img_2393.jpg,تعمیرات
img_2394.jpg,کریم
img_2395.jpg,GSM
img_2396.jpg,خدمات
img_2397.jpg,موبایل
img_2398.jpg,کریم
img_2399.jpg,دوربین
img_2400.jpg,مدار
img_2401.jpg,بسته
img_2402.jpg,شبکه
img_2403.jpg,تعمیرات
img_2404.jpg,سخت
img_2405.jpg,افزار
img_2406.jpg,موبایل
img_2407.jpg,و
img_2408.jpg,تبلت
img_2409.jpg,GSM
img_2410.jpg,دستگاههای
img_2411.jpg,حضور
img_2412.jpg,غیاب
img_2413.jpg,سینما
img_2414.jpg,ارگ
img_2415.jpg,ARG
img_2416.jpg,CINEPLEX
img_2417.jpg,قاف
img_2418.jpg,کاغذ
img_2419.jpg,لنو
img_2420.jpg,پیتزا
img_2421.jpg,ناپولیتن
img_2422.jpg,LENO
img_2423.jpg,لنو
img_2424.jpg,ITALIAN
img_2425.jpg,CUISINE
img_2426.jpg,CINEMA
img_2427.jpg,موبایل
img_2428.jpg,چارسو
img_2429.jpg,4SOUMobile
img_2430.jpg,سلامت
img_2431.jpg,شین
img_2432.jpg,ود
img_2433.jpg,بدون
img_2434.jpg,ماسک
img_2435.jpg,ممنوع
img_2436.jpg,کالین
img_2437.jpg,Colleen
img_2438.jpg,نمازخانه
img_2439.jpg,اسکن
img_2440.jpg,سوپر
img_2441.jpg,میوه
img_2442.jpg,بلوچ
img_2443.jpg,چابهار
img_2444.jpg,09382918585
img_2445.jpg,اطلاعیه
img_2446.jpg,تغذیه
img_2447.jpg,دانشجویی
img_2448.jpg,پوشالی
img_2449.jpg,5
img_2450.jpg,روژا
img_2451.jpg,ROJA
img_2452.jpg,LIA
img_2453.jpg,برای
img_2454.jpg,زندگی
img_2455.jpg,دوباره
img_2456.jpg,سلامت
img_2457.jpg,شین
img_2458.jpg,نارگیل
img_2459.jpg,2
img_2460.jpg,nargil
img_2461.jpg,شهر
img_2462.jpg,هرت
img_2463.jpg,دست
img_2464.jpg,انداز
img_2465.jpg,ستاره
img_2466.jpg,بازی
img_2467.jpg,موبایل
img_2468.jpg,###
img_2469.jpg,###
img_2470.jpg,سنتر
img_2471.jpg,آی
img_2472.jpg,Apple
img_2473.jpg,Service Ce
img_2474.jpg,کالین
img_2475.jpg,%
img_2476.jpg,50
img_2477.jpg,رو
img_2478.jpg,2
img_2479.jpg,هوالرزاق
img_2480.jpg,هوالرزاق
img_2481.jpg,ماهل
img_2482.jpg,هل
img_2483.jpg,شهربازی
img_2484.jpg,لیب جا
img_2485.jpg,تایر
img_2486.jpg,ASIA TYRE
img_2487.jpg,می
img_2488.jpg,استور
img_2489.jpg,بسم الله الرحمن الرحیم
img_2490.jpg,موبایل
img_2491.jpg,کارکرده
img_2492.jpg,شما
img_2493.jpg,را
img_2494.jpg,خریداریم
img_2495.jpg,0915
img_2496.jpg,012
img_2497.jpg,0635
img_2498.jpg,store.cfz
img_2499.jpg,فروش
img_2500.jpg,عمده
img_2501.jpg,لوازم
img_2502.jpg,جانبی
img_2503.jpg,گوشی
img_2504.jpg,و
img_2505.jpg,کاء
img_2506.jpg,ایفون
img_2507.jpg,اصلی
img_2508.jpg,جانبی
img_2509.jpg,تخفیف
img_2510.jpg,تخفیف
img_2511.jpg,alklkl
img_2512.jpg,###
img_2513.jpg,نوین چرم
img_2514.jpg,قابل
img_2515.jpg,توجه
img_2516.jpg,دانشجویان
img_2517.jpg,و
img_2518.jpg,کارکنان
img_2519.jpg,محترم
img_2520.jpg,میوه
img_2521.jpg,فروشی
img_2522.jpg,خزر
img_2523.jpg,۰۹۱۱۹۶۳۲۹۰۶
img_2524.jpg,۰۹۱۵۳۴۵۶۰۰۳
img_2525.jpg,۰۹۱۵۵۴۵۴۵۴۷
img_2526.jpg,حلوا
img_2527.jpg,فروشی
img_2528.jpg,امیری
img_2529.jpg,سوغات
img_2530.jpg,سوغات
img_2531.jpg,۰۹۱۵
img_2532.jpg,سفارشی
img_2533.jpg,و
img_2534.jpg,معمولی
img_2535.jpg,تولید
img_2536.jpg,نیکشهر
img_2537.jpg,پخش
img_2538.jpg,چابهار
img_2539.jpg,آوای
img_2540.jpg,پایتخت
img_2541.jpg,فروش
img_2542.jpg,انواع
img_2543.jpg,لوازم
img_2544.jpg,فلش
img_2545.jpg,پیتزا
img_2546.jpg,
img_2547.jpg,ساندویچ
img_2548.jpg,nIKAI
img_2549.jpg,CocaCola
img_2550.jpg,CocaCola
img_2551.jpg,Maral
img_2552.jpg,205
img_2553.jpg,OFF
img_2554.jpg,Le
img_2555.jpg,با
img_2556.jpg,ما
img_2557.jpg,بهتر
img_2558.jpg,باشید
img_2559.jpg,راهرو
img_2560.jpg,جزیره
img_2561.jpg,بازار
img_2562.jpg,بزرگ
img_2563.jpg,تیس
img_2564.jpg,سامر
img_2565.jpg,موبایل
img_2566.jpg,شرکت
img_2567.jpg,بازرگانی
img_2568.jpg,حکمت
img_2569.jpg,نور
img_2570.jpg,MOBO
img_2571.jpg,CFZ
img_2572.jpg,MOBO
img_2573.jpg,موبایل
img_2574.jpg,علاء
img_2575.jpg,الدین
img_2576.jpg,تلفن
img_2577.jpg,:
img_2578.jpg,۳۲۶۹
img_2579.jpg,شی
img_2580.jpg,عمده
img_2581.jpg,تکی
img_2582.jpg,NOKIA
img_2583.jpg,SAMSUNG
img_2584.jpg,SONYERICSSON
img_2585.jpg,361
img_2586.jpg,361
img_2587.jpg,روژا
img_2588.jpg,SYNBIONYME
img_2589.jpg,PARASIO
img_2590.jpg,صرافی
img_2591.jpg,آرارات
img_2592.jpg,لوازم
img_2593.jpg,جانبی
img_2594.jpg,پزشک
img_2595.jpg,عمومی
img_2596.jpg,زنان
img_2597.jpg,میوه
img_2598.jpg,فروشی
img_2599.jpg,تحفه
img_2600.jpg,شیراز
img_2601.jpg,نرم افزار
img_2602.jpg,واحد
img_2603.jpg,مستقل
img_2604.jpg,ارزی
img_2605.jpg,منطقه
img_2606.jpg,آزاد
img_2607.jpg,چابهار
img_2608.jpg,۳۶۱
img_2609.jpg,درجه
img_2610.jpg,طبقه ششم
img_2611.jpg,پلاک 616
img_2612.jpg,مرکز تجاری آپال
img_2613.jpg,عطر
img_2614.jpg,خلیج
img_2615.jpg,چابهار
img_2616.jpg,عطرهای
img_2617.jpg,زنانه
img_2618.jpg,واحد
img_2619.jpg,61
img_2620.jpg,بلال
img_2621.jpg,موبایل
img_2622.jpg,کلی
img_2623.jpg,جزئی
img_2624.jpg,بسم الله الرحمن الرحیم
img_2625.jpg,iOS
img_2626.jpg,Android
img_2627.jpg,Black
img_2628.jpg,Berry
img_2629.jpg,iCloud
img_2630.jpg,&
img_2631.jpg,Unlock
img_2632.jpg,All
img_2633.jpg,Model
img_2634.jpg,Phone
img_2635.jpg,617
img_2636.jpg,617
img_2637.jpg,شرکت
img_2638.jpg,بازرگانی
img_2639.jpg,سینا
img_2640.jpg,###
img_2641.jpg,لاستیک
img_2642.jpg,فروشی
img_2643.jpg,شرکت
img_2644.jpg,بازرگانی
img_2645.jpg,ستاره
img_2646.jpg,افغان
img_2647.jpg,ثبت
img_2648.jpg,۱۸۸۷
img_2649.jpg,تک
img_2650.jpg,الکترتک
img_2651.jpg,TECH
img_2652.jpg,ELECTRIC
img_2653.jpg,GENERAL
img_2654.jpg,GOLD
img_2655.jpg,18000
img_2656.jpg,GENERAL
img_2657.jpg,GOLD
img_2658.jpg,تعمیرات
img_2659.jpg,دک
img_2660.jpg,GENERAL
img_2661.jpg,GOLD
img_2662.jpg,شماره
img_2663.jpg,ثبت
img_2664.jpg,167
img_2665.jpg,Steve Jobs
img_2666.jpg,1955-2012
img_2667.jpg,شرکت
img_2668.jpg,بازرگانی
img_2669.jpg,بشیر
img_2670.jpg,شرکت
img_2671.jpg,بازرگانی
img_2672.jpg,طاووس
img_2673.jpg,طلایی
img_2674.jpg,PEACOCK
img_2675.jpg,GOLDIN
img_2676.jpg,TRADI
img_2677.jpg,###
img_2678.jpg,CO
img_2679.jpg,السلام
img_2680.jpg,علیک
img_2681.jpg,یا
img_2682.jpg,ابوالفضل
img_2683.jpg,العباس
img_2684.jpg,بسم
img_2685.jpg,الله
img_2686.jpg,الرحمن
img_2687.jpg,الرحیم
img_2688.jpg,صادرات
img_2689.jpg,واردات
img_2690.jpg,ترخیص
img_2691.jpg,کالا
img_2692.jpg,۶۶۹
img_2693.jpg,۴
img_2694.jpg,615
img_2695.jpg,عطرهای
img_2696.jpg,مردانه
img_2697.jpg,اسانس های
img_2698.jpg,اورجینال
img_2699.jpg,عربی
img_2700.jpg,و
img_2701.jpg,فرانسوی
img_2702.jpg,بادی اسپینر
img_2703.jpg,BODY
img_2704.jpg,SPINNER
img_2705.jpg,شعبه اپال
img_2706.jpg,بهبود
img_2707.jpg,و
img_2708.jpg,اقساط
img_2709.jpg,حراج
img_2710.jpg,اقساط
img_2711.jpg,۴
img_2712.jpg,ماهه
img_2713.jpg,اقساط
img_2714.jpg,۴
img_2715.jpg,ماهه
img_2716.jpg,اطفال
img_2717.jpg,سخت افزار
img_2718.jpg,و
img_2719.jpg,سوپر
img_2720.jpg,میوه
img_2721.jpg,میلاد
img_2722.jpg,عرضه
img_2723.jpg,انواع
img_2724.jpg,میوه های
img_2725.jpg,چهار
img_2726.jpg,فصل
img_2727.jpg,و
img_2728.jpg,محلی
