img_10525.jpg,خیابان
img_10526.jpg,دانشجو
img_10527.jpg,Daneshjoo
img_10528.jpg,St
img_10529.jpg,دانش
img_10530.jpg,CHABAHAR
img_10531.jpg,بلوار
img_10532.jpg,امام خمینی
img_10533.jpg,44
img_10534.jpg,تیس
img_10535.jpg,باستان
img_10536.jpg,۲
img_10537.jpg,Tis
img_10538.jpg,Bastan
img_10539.jpg,2
img_10540.jpg,خیابان
img_10541.jpg,مرکز
img_10542.jpg,شهر
img_10543.jpg,City
img_10544.jpg,Center
img_10545.jpg,کنارک
img_10546.jpg,نیک شهر
img_10547.jpg,Konarak
img_10548.jpg,Nik Shahr
img_10549.jpg,بلوار
img_10550.jpg,امام خمینی
img_10551.jpg,منطقه  آزاد
img_10552.jpg,چابهار
img_10553.jpg,مدیریت
img_10554.jpg,امور
img_10555.jpg,شهری
img_10556.jpg,و
img_10557.jpg,روستایی
img_10558.jpg,مدیریت
img_10559.jpg,بهره برداری
img_10560.jpg,C.F.Z
img_10561.jpg,حافظ
img_10562.jpg,قالیشویی
img_10563.jpg,صدف
img_10564.jpg,شهید
img_10565.jpg,خیابان
img_10566.jpg,ابراهیمی
img_10567.jpg,EBRAHIMI
img_10568.jpg,ST.
img_10569.jpg,خوابگاه
img_10570.jpg,دانشجویی
img_10571.jpg,Student
img_10572.jpg,Dormitories
img_10573.jpg,دانشگاه
img_10574.jpg,علمی
img_10575.jpg,کاربردی
img_10576.jpg,ورزشگاه
img_10577.jpg,ورنا
img_10578.jpg,Varna
img_10579.jpg,Stadium
img_10580.jpg,خانه
img_10581.jpg,معلم
img_10582.jpg,Teacher
img_10583.jpg,Home
img_10584.jpg,تخصصی
img_10585.jpg,دندانپزشکی
img_10586.jpg,آزمایشگاه
img_10587.jpg,رادیولوژی
img_10588.jpg,
img_10589.jpg,سونوگرافی
img_10590.jpg,داروحانه
img_10591.jpg,۹۵
img_10592.jpg,کیلومتر
img_10593.jpg,کیلومتر
img_10594.jpg,کیلومتر
img_10595.jpg,۶۴۵
img_10596.jpg,۱۵۵
img_10597.jpg,دامغان
img_10598.jpg,شاهرود
img_10599.jpg,مشهد
img_10600.jpg,بلوار
img_10601.jpg,حافظ
img_10602.jpg,Hafez
img_10603.jpg,Blvd.
img_10604.jpg,بلوار
img_10605.jpg,امام
img_10606.jpg,خمینی
img_10607.jpg,منطقه
img_10608.jpg,آزاد
img_10609.jpg,چابهار
img_10610.jpg,P
img_10611.jpg,پارکینگ
img_10612.jpg,خیابان
img_10613.jpg,آزادگان
img_10614.jpg,AZADEGAN.ST
img_10615.jpg,شهرداری
img_10616.jpg,بندر
img_10617.jpg,چابهار
img_10618.jpg,خلیج
img_10619.jpg,فارس
img_10620.jpg,خیابان
img_10621.jpg,شهید
img_10622.jpg,شهرداری
img_10623.jpg,چابهار
img_10624.jpg,باهنر
img_10625.jpg,BAHONAR
img_10626.jpg,ST.
img_10627.jpg,خیابان
img_10628.jpg,شهید
img_10629.jpg,باهنر
img_10630.jpg,شهرداری
img_10631.jpg,چابهار
img_10632.jpg,BAHONAR ST
img_10633.jpg,۴۴
img_10634.jpg,بلوار
img_10635.jpg,امام
img_10636.jpg,خمینی
img_10637.jpg,شهرداری
img_10638.jpg,چابهار
img_10639.jpg,44th
img_10640.jpg,Imam
img_10641.jpg,Khomeini
img_10642.jpg,Blvd
img_10643.jpg,امام
img_10644.jpg,علی
img_10645.jpg,۳
img_10646.jpg,بلوار
img_10647.jpg,3rd
img_10648.jpg,Imam
img_10649.jpg,Ali
img_10650.jpg,Blvd.
img_10651.jpg,میدان
img_10652.jpg,دانشگاه
img_10653.jpg,منطقه
img_10654.jpg,آزاد
img_10655.jpg,چابهار
img_10656.jpg,شریعتی
img_10657.jpg,شهید
img_10658.jpg,مدرس
img_10659.jpg,جنوب
img_10660.jpg,شهید صیاد
img_10661.jpg,سبلان
img_10662.jpg,Sayyad
img_10663.jpg,Exp
img_10664.jpg,South
img_10665.jpg,دوم
img_10666.jpg,خروجی
img_10667.jpg,شمال
img_10668.jpg,صیاد
img_10669.jpg,شهید
img_10670.jpg,بنی هاشم
img_10671.jpg,Bani
img_10672.jpg,Hashem
img_10673.jpg,St
img_10674.jpg,Sayyad
img_10675.jpg,Exp
img_10676.jpg,North
img_10677.jpg,Sabalan
img_10678.jpg,Sq
img_10679.jpg,Shariati
img_10680.jpg,Modarres
img_10681.jpg,Exp
img_10682.jpg,St
img_10683.jpg,اول
img_10684.jpg,خروجی
img_10685.jpg,Hafez
img_10686.jpg,Blvd.
img_10687.jpg,بلوار
img_10688.jpg,حافظ
img_10689.jpg,بلوار
img_10690.jpg,شهید
img_10691.jpg,علی محمد
img_10692.jpg,محتاجی
img_10693.jpg,امام خمینی
img_10694.jpg,۴۱
img_10695.jpg,شهرداری
img_10696.jpg,چابهار
img_10697.jpg,41th
img_10698.jpg,Imam
img_10699.jpg,Khomeini
img_10700.jpg,Blvd
img_10701.jpg,بلوار
img_10702.jpg,1
img_10703.jpg,توحید
img_10704.jpg,054
img_10705.jpg,35320252
img_10706.jpg,1st
img_10707.jpg,Blvd
img_10708.jpg,Tohid
img_10709.jpg,شهرداری
img_10710.jpg,چابهار
img_10711.jpg,۸
img_10712.jpg,خیام
img_10713.jpg,سوئیت
img_10714.jpg,۹۱۵۸۶۸۴۶۲۲
img_10715.jpg,۰۲۹۱۵۳۲۳۸
img_10716.jpg,گرگان
img_10717.jpg,۷۳
img_10718.jpg,کیلومتر
img_10719.jpg,شهرک
img_10720.jpg,مسکونی
img_10721.jpg,شهید
img_10722.jpg,صیاد
img_10723.jpg,Sh.Sayad
img_10724.jpg,Residential
img_10725.jpg,Town
img_10726.jpg,خیابان
img_10727.jpg,دانشجو
img_10728.jpg,CHABAHAR
img_10729.jpg,Daneshjoo
img_10730.jpg,St.
img_10731.jpg,Ys
img_10732.jpg,خیابان
img_10733.jpg,دستغیب
img_10734.jpg,سازمان
img_10735.jpg,ترافیک
img_10736.jpg,شهرداری
img_10737.jpg,شیراز
img_10738.jpg,Dastgheib
img_10739.jpg,St
img_10740.jpg,پلیس
img_10741.jpg,داروخانه
img_10742.jpg,وفیا
img_10743.jpg,۱۰
img_10744.jpg,پل
img_10745.jpg,پیامبر
img_10746.jpg,اعظم
img_10747.jpg,Payambar
img_10748.jpg,Bridge
img_10749.jpg,ص
img_10750.jpg,بلوار
img_10751.jpg,امام خمینی
img_10752.jpg,۴۰
img_10753.jpg,شهرداری چابهار
img_10754.jpg,40th
img_10755.jpg,Imam Khomeini Blvd.
img_10756.jpg,بلوار
img_10757.jpg,تیس
img_10758.jpg,باستان
img_10759.jpg,Bastan
img_10760.jpg,blvd
img_10761.jpg,Tis
img_10762.jpg,منطقه
img_10763.jpg,آزاد
img_10764.jpg,چابهار
img_10765.jpg,دلی
img_10766.jpg,امام
img_10767.jpg,علی
img_10768.jpg,۱
img_10769.jpg,###
img_10770.jpg,بلوار
img_10771.jpg,مراکز
img_10772.jpg,تجاری
img_10773.jpg,Trade
img_10774.jpg,Centers
img_10775.jpg,میدان
img_10776.jpg,سرخس
img_10777.jpg,میدان
img_10778.jpg,غدیر
img_10779.jpg,###
img_10780.jpg,منطقه
img_10781.jpg,آزاد
img_10782.jpg,چابهار
img_10783.jpg,پل شهدای
img_10784.jpg,شهرداری
img_10785.jpg,45
