img_11132.jpg,محمد حسن
img_11133.jpg,میرزا
img_11134.jpg,آخرین
img_11135.jpg,ولیعهد
img_11136.jpg,قاجار
img_11137.jpg,موزه
img_11138.jpg,شهر
img_11139.jpg,عکسخانه
img_11140.jpg,در
img_11141.jpg,طهران
img_11142.jpg,سفارت
img_11143.jpg,روس
img_11144.jpg,شرفنامه
img_11145.jpg,تاریخ
img_11146.jpg,مفصل
img_11147.jpg,کردستان
img_11148.jpg,تالیف
img_11149.jpg,بدلیبی
img_11150.jpg,شمس الدین
img_11151.jpg,بن
img_11152.jpg,شرف خان
img_11153.jpg,به اهتمام
img_11154.jpg,ولادیمیر
img_11155.jpg,زرنوف
img_11156.jpg,ولییامینوف
img_11157.jpg,طهران
img_11158.jpg,در عدلیه
img_11159.jpg,مشروطه
img_11160.jpg,اول
img_11161.jpg,مخابرات
img_11162.jpg,قبیله
img_11163.jpg,فریدون
img_11164.jpg,مارسی
img_11165.jpg,شکر
img_11166.jpg,شکن
img_11167.jpg,شوند
img_11168.jpg,همه
img_11169.jpg,طوطیان
img_11170.jpg,هند
img_11171.jpg,زین
img_11172.jpg,قند
img_11173.jpg,پارسی
img_11174.jpg,که
img_11175.jpg,به
img_11176.jpg,بنگاله
img_11177.jpg,میرود
img_11178.jpg,حافظ
img_11179.jpg,تاریخ
img_11180.jpg,جهانگشای
img_11181.jpg,جوینی
img_11182.jpg,تالیف
img_11183.jpg,:
img_11184.jpg,محمد
img_11185.jpg,جوینی
img_11186.jpg,تصحیح
img_11187.jpg,:
img_11188.jpg,محمد
img_11189.jpg,قزوینی
img_11190.jpg,داریوش یکم
img_11191.jpg,پادشاه
img_11192.jpg,پارسها
img_11193.jpg,293
img_11194.jpg,انتشارات دانشگاه تهران
img_11195.jpg,طهران
img_11196.jpg,موقع
img_11197.jpg,حرکت
img_11198.jpg,نقش
img_11199.jpg,ناصرالدین
img_11200.jpg,شاه
img_11201.jpg,در
img_11202.jpg,میدان
img_11203.jpg,توپخانه
img_11204.jpg,تاریخ
img_11205.jpg,طبری
img_11206.jpg,تاریخ الرسل
img_11207.jpg,الملوک
img_11208.jpg,تالیف
img_11209.jpg,محمد بن جریر طبری
img_11210.jpg,جلد ششم
img_11211.jpg,ترجمه
img_11212.jpg,ابوالقاسم پاینده
img_11213.jpg,مجموعه تاریخ ایران
img_11214.jpg,انتشارات بنیاد فرهنگ ایران
img_11215.jpg,1480
