img_11132.jpg,اون
img_11133.jpg,بیحالی
img_11134.jpg,و
img_11135.jpg,کسالت
img_11136.jpg,دائم
img_11137.jpg,که
img_11138.jpg,از
img_11139.jpg,علائم
img_11140.jpg,کروناست
img_11141.jpg,رو
img_11142.jpg,من
img_11143.jpg,از
img_11144.jpg,بدو
img_11145.jpg,تولد
img_11146.jpg,دارم
img_11147.jpg,اصلا
img_11148.jpg,نمیتونم
img_11149.jpg,به
img_11150.jpg,عنوان
img_11151.jpg,نشانه
img_11152.jpg,روش
img_11153.jpg,حساب
img_11154.jpg,کنم
img_11155.jpg,شکست
img_11156.jpg,در
img_11157.jpg,هیچ
img_11158.jpg,جا
img_11159.jpg,وجود
img_11160.jpg,ندارد
img_11161.jpg,مگر
img_11162.jpg,اینکه
img_11163.jpg,در
img_11164.jpg,درون
img_11165.jpg,خود
img_11166.jpg,شکست
img_11167.jpg,خورده
img_11168.jpg,باشیم
img_11169.jpg,آدم
img_11170.jpg,های
img_11171.jpg,دیگر
img_11172.jpg,را
img_11173.jpg,نمی
img_11174.jpg,دانم
img_11175.jpg,در
img_11176.jpg,من
img_11177.jpg,اما
img_11178.jpg,اولین
img_11179.jpg,حسی
img_11180.jpg,که
img_11181.jpg,هر
img_11182.jpg,روز
img_11183.jpg,صبح
img_11184.jpg,بیدار
img_11185.jpg,می
img_11186.jpg,شود
img_11187.jpg,دوست
img_11188.jpg,داشتن
img_11189.jpg,توست
img_11190.jpg,یادش
img_11191.jpg,بخیر
img_11192.jpg,اونموقع
img_11193.jpg,ها
img_11194.jpg,که
img_11195.jpg,سر
img_11196.jpg,کلاس
img_11197.jpg,حوصلمون
img_11198.jpg,سر
img_11199.jpg,میرفت
img_11200.jpg,و
img_11201.jpg,سرگرمی
img_11202.jpg,هم
img_11203.jpg,نداشتیم
img_11204.jpg,بخاطر
img_11205.jpg,همین
img_11206.jpg,به
img_11207.jpg,بهانه
img_11208.jpg,مداد
img_11209.jpg,تراش
img_11210.jpg,کردن
img_11211.jpg,می
img_11212.jpg,رفتیم
img_11213.jpg,گوشه
img_11214.jpg,کلاس
img_11215.jpg,دم
img_11216.jpg,سطل
img_11217.jpg,آشغال
img_11218.jpg,مدادتراش
img_11219.jpg,میکردیم
img_11220.jpg,به
img_11221.jpg,این
img_11222.jpg,دنیا
img_11223.jpg,انرژی
img_11224.jpg,خوب
img_11225.jpg,بده
img_11226.jpg,از
img_11227.jpg,راه
img_11228.jpg,هایی
img_11229.jpg,که
img_11230.jpg,تصورش
img_11231.jpg,رو
img_11232.jpg,هم
img_11233.jpg,نمیکنی
img_11234.jpg,به
img_11235.jpg,سمت
img_11236.jpg,خودت
img_11237.jpg,برمیگرده
img_11238.jpg,روزهای
img_11239.jpg,بهتری
img_11240.jpg,در
img_11241.jpg,راه
img_11242.jpg,هستند
img_11243.jpg,لبتان
img_11244.jpg,پر
img_11245.jpg,خنده
img_11246.jpg,قلبتان
img_11247.jpg,از
img_11248.jpg,مهر
img_11249.jpg,آکنده
img_11250.jpg,دولتتان
img_11251.jpg,پاینده
img_11252.jpg,و
img_11253.jpg,نوروزتان
img_11254.jpg,باد
img_11255.jpg,فرخنده
img_11256.jpg,هیچ
img_11257.jpg,وقت
img_11258.jpg,پول
img_11259.jpg,خود
img_11260.jpg,را
img_11261.jpg,قبل
img_11262.jpg,از
img_11263.jpg,اینکه
img_11264.jpg,آن
img_11265.jpg,را
img_11266.jpg,بدست
img_11267.jpg,آوری
img_11268.jpg,خرج
img_11269.jpg,نکن
img_11270.jpg,.
img_11271.jpg,توماس
img_11272.jpg,جفرسون
img_11273.jpg,دلبر
img_11274.jpg,جان
img_11275.jpg,بهار
img_11276.jpg,همه
img_11277.jpg,با
img_11278.jpg,فروردین
img_11279.jpg,می آید
img_11280.jpg,بهار
img_11281.jpg,من
img_11282.jpg,با
img_11283.jpg,تو
img_11284.jpg,برنامه
img_11285.jpg,هر
img_11286.jpg,روزم
img_11287.jpg,کار
img_11288.jpg,کردن
img_11289.jpg,با
img_11290.jpg,گوشی
img_11291.jpg,2
img_11292.jpg,شارژ
img_11293.jpg,کردن
img_11294.jpg,گوشی
img_11295.jpg,3
img_11296.jpg,کار
img_11297.jpg,کردن
img_11298.jpg,با
img_11299.jpg,گوشی
img_11300.jpg,وقتی
img_11301.jpg,که
img_11302.jpg,تو
img_11303.jpg,شارژه
img_11304.jpg,بهار
img_11305.jpg,امسال
img_11306.jpg,برایم
img_11307.jpg,از
img_11308.jpg,پاییز
img_11309.jpg,غم
img_11310.jpg,انگیزتر
img_11311.jpg,است
img_11312.jpg,بی
img_11313.jpg,تو
img_11314.jpg,روحش
img_11315.jpg,شاد
img_11316.jpg,و
img_11317.jpg,یادش
img_11318.jpg,گرامی
img_11319.jpg,اگر
img_11320.jpg,چه
img_11321.jpg,اندوه
img_11322.jpg,بزرگی
img_11323.jpg,بر
img_11324.jpg,قلب
img_11325.jpg,ما
img_11326.jpg,سنگینی
img_11327.jpg,می
img_11328.jpg,کند
img_11329.jpg,از
img_11330.jpg,خدا
img_11331.jpg,می
img_11332.jpg,خواهیم
img_11333.jpg,او
img_11334.jpg,را
img_11335.jpg,در
img_11336.jpg,سایه
img_11337.jpg,رحمت
img_11338.jpg,جاویدانش
img_11339.jpg,قرار
img_11340.jpg,دهد
img_11341.jpg,و
img_11342.jpg,ما
img_11343.jpg,را
img_11344.jpg,برای
img_11345.jpg,دیدن
img_11346.jpg,جای
img_11347.jpg,خالی
img_11348.jpg,آن
img_11349.jpg,عزیز
img_11350.jpg,شکیب
img_11351.jpg,سازدimg_11352.jpg,یه
img_11353.jpg,عمر
img_11354.jpg,میگید
img_11355.jpg,خدا
img_11356.jpg,برکت
img_11357.jpg,بده
img_11358.jpg,حالا
img_11359.jpg,که
img_11360.jpg,برکت
img_11361.jpg,داده
img_11362.jpg,فایزر
img_11363.jpg,میخواید
img_11364.jpg,اسیر
img_11365.jpg,شدیم
img_11366.jpg,بوخودا
img_11367.jpg,من
img_11368.jpg,رویاهای
img_11369.jpg,آینده
img_11370.jpg,را
img_11371.jpg,بیشتر
img_11372.jpg,از
img_11373.jpg,تاریخ
img_11374.jpg,گذشته
img_11375.jpg,دوست
img_11376.jpg,دارم
img_11377.jpg,توماس
img_11378.jpg,جفرسون
img_11379.jpg,دلبر
img_11380.jpg,جان
img_11381.jpg,بهار
img_11382.jpg,همه
img_11383.jpg,با
img_11384.jpg,فروردین
img_11385.jpg,می آید
img_11386.jpg,بهار
img_11387.jpg,من
img_11388.jpg,با
img_11389.jpg,تو
img_11390.jpg,عیدت
img_11391.jpg,مبارک
img_11392.jpg,گل
img_11393.jpg,زیبای
img_11394.jpg,من
img_11395.jpg,یکی
img_11396.jpg,استوریمو
img_11397.jpg,لایک
img_11398.jpg,کنه
img_11399.jpg,منم
img_11400.jpg,سریع
img_11401.jpg,استوریشو
img_11402.jpg,لایک
img_11403.jpg,می
img_11404.jpg,کنم
img_11405.jpg,که
img_11406.jpg,جبران
img_11407.jpg,کرده
img_11408.jpg,باشم
img_11409.jpg,بعد
img_11410.jpg,چجوری
img_11411.jpg,بعضی
img_11412.jpg,ها
img_11413.jpg,نمک
img_11414.jpg,می
img_11415.jpg,خورن
img_11416.jpg,نمکدون
img_11417.jpg,می
img_11418.jpg,شکنن
img_11419.jpg,یکی
img_11420.jpg,از
img_11421.jpg,قابلیتای
img_11422.jpg,خوب
img_11423.jpg,استوری
img_11424.jpg,اینستا
img_11425.jpg,اینه
img_11426.jpg,که
img_11427.jpg,میتونید
img_11428.jpg,ازش
img_11429.jpg,استفاده
img_11430.jpg,هم
img_11431.jpg,نکنید
img_11432.jpg,در
img_11433.jpg,واقع
img_11434.jpg,مجبورتون
img_11435.jpg,نکردن
img_11436.jpg,که
img_11437.jpg,حتما
img_11438.jpg,استفاده
img_11439.jpg,کنید
img_11440.jpg,زندگیم
img_11441.jpg,از
img_11442.jpg,سه
img_11443.jpg,حالت
img_11444.jpg,خارج
img_11445.jpg,نیست
img_11446.jpg,1
img_11447.jpg,خوابم
img_11448.jpg,2
img_11449.jpg,خوابم
img_11450.jpg,میاد
img_11451.jpg,3
img_11452.jpg,دوست
img_11453.jpg,دارم
img_11454.jpg,بخوابم
img_11455.jpg,نرم
img_11456.jpg,نرمک
img_11457.jpg,می رسد
img_11458.jpg,اینک
img_11459.jpg,بهار
img_11460.jpg,خوشی
img_11461.jpg,به 
img_11462.jpg,حال
img_11463.jpg,روزگار
img_11464.jpg,سال
img_11465.jpg,نوتون
img_11466.jpg,مبارک
img_11467.jpg,باشه
img_11468.jpg,گذشته
img_11469.jpg,واقعیتی
img_11470.jpg,غیر
img_11471.jpg,قابل
img_11472.jpg,تغییر
img_11473.jpg,است
img_11474.jpg,وقت
img_11475.jpg,خود
img_11476.jpg,را
img_11477.jpg,برای
img_11478.jpg,تغییر
img_11479.jpg,آینده
img_11480.jpg,بگذارید
img_11481.jpg,و
img_11482.jpg,انتهای
img_11483.jpg,این
img_11484.jpg,قصه
img_11485.jpg,سرد
img_11486.jpg,و
img_11487.jpg,سفید
img_11488.jpg,همیشه
img_11489.jpg,سبز
img_11490.jpg,خواهد
img_11491.jpg,بود
img_11492.jpg,نوروزتان
img_11493.jpg,مبارک
img_11494.jpg,باد
img_11495.jpg,بهار
img_11496.jpg,میتواند
img_11497.jpg,نام
img_11498.jpg,تو
img_11499.jpg,باشد
img_11500.jpg,وقتی
img_11501.jpg,که
img_11502.jpg,در
img_11503.jpg,همهمه
img_11504.jpg,سبز
img_11505.jpg,دلم
img_11506.jpg,دوستت
img_11507.jpg,دارمهایت
img_11508.jpg,شکوفه
img_11509.jpg,میزنند
img_11510.jpg,کسی
img_11511.jpg,که
img_11512.jpg,بیش
img_11513.jpg,از
img_11514.jpg,همه
img_11515.jpg,می
img_11516.jpg,داند
img_11517.jpg,می
img_11518.jpg,داند
img_11519.jpg,که
img_11520.jpg,چقدر
img_11521.jpg,کم
img_11522.jpg,می
img_11523.jpg,داند
img_11524.jpg,.
img_11525.jpg,توماس
img_11526.jpg,جفرسون
img_11527.jpg,واژه
img_11528.jpg,برای
img_11529.jpg,بیان
img_11530.jpg,غم
img_11531.jpg,بی
img_11532.jpg,پایانم
img_11533.jpg,کم
img_11534.jpg,می
img_11535.jpg,آورم
img_11536.jpg,فقط
img_11537.jpg,توانم
img_11538.jpg,می
img_11539.jpg,بگویم
img_11540.jpg,تسلیت
img_11541.jpg,نکته
img_11542.jpg,اخلاقی
img_11543.jpg,افراد
img_11544.jpg,از
img_11545.jpg,آنچه
img_11546.jpg,در
img_11547.jpg,اینستا
img_11548.jpg,می
img_11549.jpg,بینید
img_11550.jpg,بدبخت
img_11551.jpg,ترند
img_11552.jpg,انا
img_11553.jpg,لله
img_11554.jpg,و
img_11555.jpg,انا
img_11556.jpg,الیه
img_11557.jpg,راجعون
img_11558.jpg,هر
img_11559.jpg,چند
img_11560.jpg,میدونم
img_11561.jpg,تو
img_11562.jpg,این
img_11563.jpg,شرایط
img_11564.jpg,هیچ
img_11565.jpg,کلامی
img_11566.jpg,تسلی
img_11567.jpg,بخش
img_11568.jpg,درد
img_11569.jpg,و
img_11570.jpg,غم
img_11571.jpg,شما
img_11572.jpg,و
img_11573.jpg,خانوادتون
img_11574.jpg,نیست
img_11575.jpg,ولی
img_11576.jpg,خواستم
img_11577.jpg,بدونی
img_11578.jpg,ما
img_11579.jpg,در
img_11580.jpg,کنارت
img_11581.jpg,هستیم
img_11582.jpg,یادش
img_11583.jpg,گرامی
img_11584.jpg,بعضیا
img_11585.jpg,چنان
img_11586.jpg,تو
img_11587.jpg,پروفایلشون
img_11588.jpg,میزنن
img_11589.jpg,پرنسس
img_11590.jpg,بابام
img_11591.jpg,انگار
img_11592.jpg,ما
img_11593.jpg,دایناسور
img_11594.jpg,ننه
img_11595.jpg,مونیم
img_11596.jpg,والا
img_11597.jpg,گیری
img_11598.jpg,کردیم
img_11599.jpg,از
img_11600.jpg,دست
img_11601.jpg,اینا
img_11602.jpg,مثبت
img_11603.jpg,فکر
img_11604.jpg,کنید
img_11605.jpg,و
img_11606.jpg,اتفاقات
img_11607.jpg,مثبت
img_11608.jpg,حتما
img_11609.jpg,رخ
img_11610.jpg,خواهند
img_11611.jpg,داد
img_11612.jpg,اگر
img_11613.jpg,روز
img_11614.jpg,را
img_11615.jpg,با
img_11616.jpg,تجسم
img_11617.jpg,رویدادهای
img_11618.jpg,موفقیت
img_11619.jpg,آمیز
img_11620.jpg,آغاز
img_11621.jpg,کنید
img_11622.jpg,نیاز
img_11623.jpg,نیست
img_11624.jpg,در
img_11625.jpg,پایان
img_11626.jpg,روز
img_11627.jpg,مجبور
img_11628.jpg,به
img_11629.jpg,حذف
img_11630.jpg,خاطره
img_11631.jpg,های
img_11632.jpg,ناخوشایند
img_11633.jpg,باشید
img_11634.jpg,هفت
img_11635.jpg,میلیارد
img_11636.jpg,ادم
img_11637.jpg,تو
img_11638.jpg,این
img_11639.jpg,سیاره
img_11640.jpg,هست
img_11641.jpg,یکیشون
img_11642.jpg,لیاقت
img_11643.jpg,مارو
img_11644.jpg,نداره
img_11645.jpg,ای
img_11646.jpg,بابا
img_11647.jpg,روحش
img_11648.jpg,شاد
img_11649.jpg,تسلیت
img_11650.jpg,قطره
img_11651.jpg,ایست
img_11652.jpg,در
img_11653.jpg,برابر
img_11654.jpg,غم
img_11655.jpg,دریا
img_11656.jpg,گونه
img_11657.jpg,ی
img_11658.jpg,شما
img_11659.jpg,از
img_11660.jpg,خداوند
img_11661.jpg,صبری
img_11662.jpg,عظیم
img_11663.jpg,برای
img_11664.jpg,شما
img_11665.jpg,و
img_11666.jpg,خانواده
img_11667.jpg,محترمتان
img_11668.jpg,خواستارم
img_11669.jpg,تاریخ
img_11670.jpg,به
img_11671.jpg,طور
img_11672.jpg,کلی
img_11673.jpg,تنها
img_11674.jpg,ما
img_11675.jpg,را
img_11676.jpg,آگاه
img_11677.jpg,می
img_11678.jpg,کند
img_11679.jpg,که
img_11680.jpg,حکومت
img_11681.jpg,بد
img_11682.jpg,چه
img_11683.jpg,شکلی
img_11684.jpg,است
img_11685.jpg,توماس
img_11686.jpg,جفرسون
