img_1.jpg,حراج
img_2.jpg,نوتلا
img_3.jpg,مینی
img_4.jpg,ایتالیا
img_5.jpg,1
img_6.jpg,4
img_7.jpg,10
img_8.jpg,عدد
img_9.jpg,عدد
img_10.jpg,عدد
img_11.jpg,69
img_12.jpg,199
img_13.jpg,399
img_14.jpg,تومان
img_15.jpg,تومان
img_16.jpg,تومان
img_17.jpg,GRATIS
img_18.jpg,nutella
img_19.jpg,250ge
img_20.jpg,250ge
img_21.jpg,nutella
img_22.jpg,nutella
img_23.jpg,tella
img_24.jpg,###
img_25.jpg,GRAMS
img_26.jpg,387
img_27.jpg,WEIFGT
img_28.jpg,NET
img_29.jpg,SW
img_30.jpg,حلیب
img_31.jpg,مکثف
img_32.jpg,محلی
img_33.jpg,مشبع
img_34.jpg,روزانه
img_35.jpg,روزانه
img_36.jpg,روزانه
img_37.jpg,روزانه
img_38.jpg,روزانه
img_39.jpg,ORIGINAL
img_40.jpg,PRIGINAL
img_41.jpg,روزانه
img_42.jpg,روزانه
img_43.jpg,8
img_44.jpg,8
img_45.jpg,###
img_46.jpg,###
img_47.jpg,قیمت
img_48.jpg,هر
img_49.jpg,بسته
img_50.jpg,10
img_51.jpg,تایی
img_52.jpg,استار
img_53.jpg,باکس
img_54.jpg,299
img_55.jpg,هزار
img_56.jpg,تومان
img_57.jpg,CHOCOLATE
img_58.jpg,SIGNATURE
img_59.jpg,TOFFEE
img_60.jpg,NUT
img_61.jpg,10
img_62.jpg,کاله
img_63.jpg,PALLADIUM
img_64.jpg,BY
img_65.jpg,Peransa
img_66.jpg,حراج
img_67.jpg,تغییر
img_68.jpg,فصل
img_69.jpg,فروشگاه
img_70.jpg,پوشاک
img_71.jpg,زنانه
img_72.jpg,پرنسا
img_73.jpg,شعیه ی
img_74.jpg,ارگ
img_75.jpg,تا
img_76.jpg,۳۰
img_77.jpg,%
img_78.jpg,تخفیف
img_79.jpg,لادن
img_80.jpg,کنسرو
img_81.jpg,گالکسی
img_82.jpg,گالکسی
img_83.jpg,Galaxy
img_84.jpg,Galaxy
img_85.jpg,گالکسی
img_86.jpg,گالکسی
img_87.jpg,گالکسی
img_88.jpg,گالکسی
img_89.jpg,Galaxy
img_90.jpg,Galaxy
img_91.jpg,Galaxy
img_92.jpg,شیلتون
img_93.jpg,لاکتیویا
img_94.jpg,لاکتیویا
img_95.jpg,لاکتیویا
img_96.jpg,###
img_97.jpg,###
img_98.jpg,###
img_99.jpg,###
img_100.jpg,###
img_101.jpg,###
img_102.jpg,###
img_103.jpg,Seven
img_104.jpg,###
img_105.jpg,###
img_106.jpg,###
img_107.jpg,###
img_108.jpg,###
img_109.jpg,###
img_110.jpg,###
img_111.jpg,###
img_112.jpg,###
img_113.jpg,MEN
img_114.jpg,KIDS
img_115.jpg,WOMEN
img_116.jpg,BABY
img_117.jpg,LCW
img_118.jpg,HOME
img_119.jpg,مرادنه
img_120.jpg,بچه گانه
img_121.jpg,زنانه
img_122.jpg,نوزاد
img_123.jpg,1
img_124.jpg,0
img_125.jpg,50
img_126.jpg,%
img_127.jpg,SALE
img_128.jpg,مردانه
img_129.jpg,بچگانه
img_130.jpg,MEN
img_131.jpg,KIDC
img_132.jpg,/
img_133.jpg,/
img_134.jpg,/
img_135.jpg,/
img_136.jpg,لاکتیویا
img_137.jpg,لاکتیویا
img_138.jpg,لاکتیویا
img_139.jpg,لاکتیویا
img_140.jpg,لاکتیویا
img_141.jpg,###
img_142.jpg,###
img_143.jpg,###
img_144.jpg,###
img_145.jpg,###
img_146.jpg,###
img_147.jpg,###
img_148.jpg,###
img_149.jpg,صندوق
img_150.jpg,Cash
img_151.jpg,NATURE
img_152.jpg,LEAN
img_153.jpg,احمد
img_154.jpg,لوکس
img_155.jpg,فرود
img_156.jpg,آبمیوه
img_157.jpg,لند
img_158.jpg,تومن
img_159.jpg,12
img_160.jpg,احمد
img_161.jpg,AHMAD
img_162.jpg,ویژه
img_163.jpg,ویژه
img_164.jpg,روزانه
img_165.jpg,بامزه
img_166.jpg,تفریح
img_167.jpg,زنگ
img_168.jpg,خوشمزه
img_169.jpg,پنیرهای
img_170.jpg,با
img_171.jpg,Teno
img_172.jpg,Price
img_173.jpg,1401/06/01
img_174.jpg,ریال
img_175.jpg,به
img_176.jpg,قیمت
img_177.jpg,۱۵۰
img_178.jpg,کاغذی
img_179.jpg,تنو
img_180.jpg,دستمال
img_181.jpg,برگ
img_182.jpg,۲ لایه
img_183.jpg,۱۲۷۰۰۰۰
img_184.jpg,صندوق
img_185.jpg,Cash
img_186.jpg,ترازو
img_187.jpg,صندوق
img_188.jpg,Cash
img_189.jpg,Deli
img_190.jpg,تازه
img_191.jpg,میوه
img_192.jpg,تومان
img_193.jpg,۱۲۴۰۰۰
img_194.jpg,SiMDi
img_195.jpg,YULAFLH
img_196.jpg,Nesfit
img_197.jpg,KARISIK
img_198.jpg,###
img_199.jpg,###
img_200.jpg,###
img_201.jpg,MEYVELi
img_202.jpg,###
img_203.jpg,###
img_204.jpg,###
img_205.jpg,###
img_206.jpg,###
img_207.jpg,###
img_208.jpg,ve
img_209.jpg,رب گوجه فرنگی
img_210.jpg,میهن
img_211.jpg,خارجی
img_212.jpg,هندی
img_213.jpg,تایپ
img_214.jpg,تخصصی
img_215.jpg,بعد ظهر
img_216.jpg,لاستیک
img_217.jpg,فروشی
img_218.jpg,تومان
img_219.jpg,۱۶۵۰۰۰
img_220.jpg,###
img_221.jpg,###
img_222.jpg,###
img_223.jpg,###
img_224.jpg,###
img_225.jpg,###
img_226.jpg,تنو
img_227.jpg,۱۲۷...
img_228.jpg,6266061102082
img_229.jpg,Price
img_230.jpg,###
img_231.jpg,کاغذی
img_232.jpg,دستمال
img_233.jpg,ریال
img_234.jpg,قیمت
img_235.jpg,به
img_236.jpg,12
img_237.jpg,7
img_238.jpg,5
img_239.jpg,هانیز
img_240.jpg,دل انگیز
img_241.jpg,آغازی
img_242.jpg,دل انگیز
img_243.jpg,آغازی
img_244.jpg,10
img_245.jpg,ویژه
img_246.jpg,###
img_247.jpg,خانه
img_248.jpg,روزانه
img_249.jpg,POULTR
img_250.jpg,14
img_251.jpg,گرم
img_252.jpg,غذای
img_253.jpg,بامزه
img_254.jpg,زنگ 
img_255.jpg,تفریح
img_256.jpg,خوشمزه
img_257.jpg,با
img_258.jpg,پنیرهای
img_259.jpg,لندن
img_260.jpg,توینینگز
img_261.jpg,تویننگز
img_262.jpg,###
img_263.jpg,۲۳۱۰۰۰
img_264.jpg,6260468055026
img_265.jpg,چای
img_266.jpg,سیاه
img_267.jpg,کیسه ای
img_268.jpg,سنتی
img_269.jpg,انگلیسی
img_270.jpg,۱۷۰۶
img_271.jpg,سال
img_272.jpg,از
img_273.jpg,###
img_274.jpg,###
img_275.jpg,###
img_276.jpg,###
img_277.jpg,###
img_278.jpg,گلستان
img_279.jpg,###
img_280.jpg,###
img_281.jpg,###
img_282.jpg,###
img_283.jpg,###
img_284.jpg,انگلیسی
img_285.jpg,سنتی
img_286.jpg,کیسه ای
img_287.jpg,سیاه
img_288.jpg,چای
img_289.jpg,۱۷۰۶
img_290.jpg,سال
img_291.jpg,از
img_292.jpg,###
img_293.jpg,###
img_294.jpg,###
img_295.jpg,###
img_296.jpg,کیسه ای
img_297.jpg,سیاه
img_298.jpg,چای
img_299.jpg,۳۷۹۰۰۰
img_300.jpg,Cash
img_301.jpg,صندوق
img_302.jpg,طبیعت
img_303.jpg,طبیعت
img_304.jpg,سحر
img_305.jpg,طبیعت
img_306.jpg,رب گوجه فرنگی
img_307.jpg,سحر
img_308.jpg,سحر
img_309.jpg,چین
img_310.jpg,چین
img_311.jpg,رب گوجه فرنگی
img_312.jpg,رب گوجه فرنگی
img_313.jpg,رب گوجه فرنگی
img_314.jpg,لادن
img_315.jpg,لادن
img_316.jpg,لادن
img_317.jpg,لادن
img_318.jpg,لادن
img_319.jpg,Oila
img_320.jpg,Oila
img_321.jpg,Famila
img_322.jpg,Famila
img_323.jpg,طبیعت
img_324.jpg,طبیعت
img_325.jpg,VITAMIN
img_326.jpg,VITAMIN
img_327.jpg,VITAMIN
img_328.jpg,ورژن
img_329.jpg,ورژن
img_330.jpg,آفتابگردان
img_331.jpg,روغن
img_332.jpg,آفتابگردان
img_333.jpg,روغن
img_334.jpg,آفتابگردان
img_335.jpg,روغن
img_336.jpg,Oila
img_337.jpg,AD
img_338.jpg,AD
img_339.jpg,AD
img_340.jpg,Famila
img_341.jpg,D3
img_342.jpg,D3
img_343.jpg,D3
img_344.jpg,D3
img_345.jpg,D3
img_346.jpg,D3
img_347.jpg,D3
img_348.jpg,D&A
img_349.jpg,Teno
img_350.jpg,Teno
img_351.jpg,دنیای
img_352.jpg,خرس های
img_353.jpg,تنو
img_354.jpg,Discover
img_355.jpg,the
img_356.jpg,world
img_357.jpg,of
img_358.jpg,Teno
img_359.jpg,Bears
img_360.jpg,right
img_361.jpg,under
img_362.jpg,the
img_363.jpg,box!
img_364.jpg,را
img_365.jpg,زیر
img_366.jpg,جعبه
img_367.jpg,###
img_368.jpg,گالری
img_369.jpg,لباس
img_370.jpg,زیر
img_371.jpg,ویژه
img_372.jpg,PROMOTION
img_373.jpg,فروش
img_374.jpg,هانیز
img_375.jpg,آغازی
img_376.jpg,دل انگیز
img_377.jpg,8
img_378.jpg,فرزاد
img_379.jpg,اسلامی
img_380.jpg,پریل
img_381.jpg,پریل
img_382.jpg,پریل
img_383.jpg,پریل
img_384.jpg,در
img_385.jpg,قوی ترین
img_386.jpg,سرد
img_387.jpg,آب
img_388.jpg,###
img_389.jpg,ULTRA
img_390.jpg,قوی ترین
img_391.jpg,در
img_392.jpg,سرد
img_393.jpg,آب
img_394.jpg,سرد
img_395.jpg,سرد
img_396.jpg,فعال
img_397.jpg,در
img_398.jpg,چربی
img_399.jpg,فعال
img_400.jpg,چربی
img_401.jpg,باغلظت
img_402.jpg,شماره
img_403.jpg,آلمان
img_404.jpg,۱
img_405.jpg,شماره
img_406.jpg,آلمان
img_407.jpg,شماره
img_408.jpg,۱
img_409.jpg,فعال
img_410.jpg,در
img_411.jpg,چربی زدایی
img_412.jpg,###
img_413.jpg,آب
img_414.jpg,سرد
img_415.jpg,در
img_416.jpg,###
img_417.jpg,###
img_418.jpg,###
img_419.jpg,###
img_420.jpg,آلمان
img_421.jpg,شماره ۱
img_422.jpg,آلمان
img_423.jpg,شماره ۱
img_424.jpg,###
img_425.jpg,###
img_426.jpg,سرد
img_427.jpg,۳۹۸۲۷
img_428.jpg,###
img_429.jpg,###
img_430.jpg,###
img_431.jpg,###
img_432.jpg,###
img_433.jpg,###
img_434.jpg,###
img_435.jpg,###
img_436.jpg,###
img_437.jpg,###
img_438.jpg,###
img_439.jpg,###
img_440.jpg,###
img_441.jpg,###
img_442.jpg,###
img_443.jpg,باغلظت
img_444.jpg,جشنواره
img_445.jpg,شگفت انگیز
img_446.jpg,یک
img_447.jpg,دستگاه
img_448.jpg,خودرو
img_449.jpg,206
img_450.jpg,HUAWEI
img_451.jpg,و
img_452.jpg,صدها
img_453.jpg,نفیس
img_454.jpg,جایزه
img_455.jpg,HUAWEI
img_456.jpg,پارچه سرای
img_457.jpg,حاجی
img_458.jpg,مستقیم
img_459.jpg,اجناس
img_460.jpg,شرکت
img_461.jpg,لیدل
img_462.jpg,آلمان
img_463.jpg,۱۸:۵۲
img_464.jpg,Soundbar
img_465.jpg,کفش
img_466.jpg,HIZOM
img_467.jpg,ماهشام‍
img_468.jpg,ایرانی
img_469.jpg,غذای
img_470.jpg,فروشگاه
img_471.jpg,مدرن
img_472.jpg,مدرن
img_473.jpg,پاورپوینت
img_474.jpg,xiaomi
img_475.jpg,Mi 11 Lite 5G
img_476.jpg,دی جی لند
img_477.jpg,www.dgland.com
img_478.jpg,باتری
img_479.jpg,حافظه
img_480.jpg,دوربین
img_481.jpg,پردازنده
img_482.jpg,نمایش
img_483.jpg,صفحه
img_484.jpg,عامل
img_485.jpg,سیستم
img_486.jpg,شیر
img_487.jpg,شیر
img_488.jpg,Milk
img_489.jpg,Milk
img_490.jpg,Milk
img_491.jpg,Milk
img_492.jpg,Milk
img_493.jpg,Milk
img_494.jpg,Milk
img_495.jpg,Milk
img_496.jpg,Milk
img_497.jpg,Milk
img_498.jpg,Milk
img_499.jpg,3
img_500.jpg,3
img_501.jpg,3
img_502.jpg,3
img_503.jpg,3
img_504.jpg,3
img_505.jpg,3
img_506.jpg,3
img_507.jpg,3
img_508.jpg,3
img_509.jpg,3
img_510.jpg,3
img_511.jpg,3
img_512.jpg,3
img_513.jpg,PAK
img_514.jpg,پاک
img_515.jpg,پاک
img_516.jpg,Tak
img_517.jpg,Tak
img_518.jpg,Tak
img_519.jpg,Tak
img_520.jpg,Tak
img_521.jpg,تک
img_522.jpg,ماکارون
img_523.jpg,تک
img_524.jpg,ماکارون
img_525.jpg,MACARON
img_526.jpg,MACARON
img_527.jpg,تک
img_528.jpg,ماکارون
img_529.jpg,MACARON
img_530.jpg,تک
img_531.jpg,ماکارون
img_532.jpg,MACARON
img_533.jpg,تک
img_534.jpg,ماکارون
img_535.jpg,Tak
img_536.jpg,###
img_537.jpg,###
img_538.jpg,###
img_539.jpg,Tak
img_540.jpg,۳۹۵۰۰۰‍
img_541.jpg,260100339156
img_542.jpg,500 g
img_543.jpg,500 g
img_544.jpg,500 g
img_545.jpg,500 g
img_546.jpg,Vitamins
img_547.jpg,دی جی لند
img_548.jpg,HUAWEI
img_549.jpg,HUAWEI
img_550.jpg,nova
img_551.jpg,9
img_552.jpg,SE
img_553.jpg,HUAWEI
img_554.jpg,نرم افزار
img_555.jpg,سخت افزار
img_556.jpg,و
img_557.jpg,خارجی
img_558.jpg,هندی
img_559.jpg,۵۹۴۰۰۰
img_560.jpg,Price
img_561.jpg,به
img_562.jpg,قیمت
img_563.jpg,6262753000773
img_564.jpg,فامیلا
img_565.jpg,روغن
img_566.jpg,آفتابگردان
img_567.jpg,غنی
img_568.jpg,شده
img_569.jpg,با
img_570.jpg,01/06/01
img_571.jpg,مخصوص
img_572.jpg,پخت و پز
img_573.jpg,سالاد
img_574.jpg,و
img_575.jpg,۸۱۰ گرم
img_576.jpg,پارس
img_577.jpg,شوا
img_578.jpg,دنای
img_579.jpg,سیستم
img_580.jpg,سینمای
img_581.jpg,خانگی
img_582.jpg,Novitex
img_583.jpg,همیشه
img_584.jpg,قهرمان
img_585.jpg,در
img_586.jpg,جای
img_587.jpg,جای
img_588.jpg,خانه
img_589.jpg,3
img_590.jpg,2
img_591.jpg,محصولات
img_592.jpg,ارگانیک
img_593.jpg,ارگانیک
img_594.jpg,محصولات
img_595.jpg,ماست
img_596.jpg,ماست
img_597.jpg,کم
img_598.jpg,چرب
img_599.jpg,خامه ای
img_600.jpg,اصل
img_601.jpg,کوکا
img_602.jpg,کولا
img_603.jpg,10
img_604.jpg,چی توز
img_605.jpg,چی توز
img_606.jpg,چی توز
img_607.jpg,###
img_608.jpg,###
img_609.jpg,###
img_610.jpg,فلفلی
img_611.jpg,Chili
img_612.jpg,###
img_613.jpg,###
img_614.jpg,Chips
img_615.jpg,کچاپ
img_616.jpg,Ketchup
img_617.jpg,کچاپ
img_618.jpg,توز
img_619.jpg,توز
img_620.jpg,توز
img_621.jpg,###
img_622.jpg,نمکی
img_623.jpg,توز
img_624.jpg,توز
img_625.jpg,نمکی
img_626.jpg,###
img_627.jpg,###
img_628.jpg,###
img_629.jpg,###
img_630.jpg,Salty
img_631.jpg,چی توز
img_632.jpg,سالن
img_633.jpg,زیبایی
img_634.jpg,اپیلاسیون
img_635.jpg,VORTA
img_636.jpg,Danette
img_637.jpg,O2
img_638.jpg,Danette
img_639.jpg,O3
img_640.jpg,Danette
img_641.jpg,شیر
img_642.jpg,شیر
img_643.jpg,###
img_644.jpg,میتا
img_645.jpg,مارکت
img_646.jpg,DAIRY
img_647.jpg,MI
img_648.jpg,TA
