img_11132.jpg,وردآورد
img_11133.jpg,Vardavard
img_11134.jpg,شهرک
img_11135.jpg,دانشگاه
img_11136.jpg,شریف
img_11137.jpg,صنعتی
img_11138.jpg,Shahrak-e-Sharif
img_11139.jpg,Univ.
img_11140.jpg,آماد
img_11141.jpg,معاونت
img_11142.jpg,و
img_11143.jpg,ناجا
img_11144.jpg,پشتیبانی
img_11145.jpg,60
img_11146.jpg,60
img_11147.jpg,حطر
img_11148.jpg,تصادف
img_11149.jpg,در
img_11150.jpg,سرعت
img_11151.jpg,عیر
img_11152.jpg,مجاز
img_11153.jpg,عملیات
img_11154.jpg,راهسازی
img_11155.jpg,از
img_11156.jpg,سرعت
img_11157.jpg,خود
img_11158.jpg,بکاهید
img_11159.jpg,60
img_11160.jpg,سازمان
img_11161.jpg,منطقه
img_11162.jpg,آزاد
img_11163.jpg,چابهار
img_11164.jpg,cfz
img_11165.jpg,بنای
img_11166.jpg,تاریخی
img_11167.jpg,قلعه
img_11168.jpg,تیس
img_11169.jpg,Tis
img_11170.jpg,Historic
img_11171.jpg,Castle
img_11172.jpg,اسکله
img_11173.jpg,تیس
img_11174.jpg,Tis
img_11175.jpg,Dock
img_11176.jpg,پاسگاه
img_11177.jpg,دریابانی
img_11178.jpg,تیس
img_11179.jpg,Tis
img_11180.jpg,Vice
img_11181.jpg,Admiral
img_11182.jpg,Police
img_11183.jpg,آب
img_11184.jpg,شیرین
img_11185.jpg,کن
img_11186.jpg,Desalination
img_11187.jpg,اندیشه
img_11188.jpg,شهریار
img_11189.jpg,Andisheh
img_11190.jpg,Shahriyar
img_11191.jpg,شیخ
img_11192.jpg,فضل
img_11193.jpg,اله
img_11194.jpg,شمال
img_11195.jpg,قدس
img_11196.jpg,شهرک
img_11197.jpg,خروجی
img_11198.jpg,اول
img_11199.jpg,North
img_11200.jpg,Exp.
img_11201.jpg,Fazlollah
img_11202.jpg,Sheykh
img_11203.jpg,Shahrake
img_11204.jpg,Qods
img_11205.jpg,خروجی
img_11206.jpg,دوم
img_11207.jpg,South
img_11208.jpg,Exp.
img_11209.jpg,آل
img_11210.jpg,احمد
img_11211.jpg,Sheykh
img_11212.jpg,Fazlollah
img_11213.jpg,Ale
img_11214.jpg,Ahmad
img_11215.jpg,Exp.
img_11216.jpg,شیخ
img_11217.jpg,فضل
img_11218.jpg,اله
img_11219.jpg,جنوب
img_11220.jpg,یادگار
img_11221.jpg,امام
img_11222.jpg,Yadegare
img_11223.jpg,Emam
img_11224.jpg,Exp.
img_11225.jpg,کرج
img_11226.jpg,Karaj
img_11227.jpg,برج
img_11228.jpg,میلاد
img_11229.jpg,تهران
img_11230.jpg,میلاد
img_11231.jpg,بیمارستان
img_11232.jpg,H
img_11233.jpg,55
img_11234.jpg,894
img_11235.jpg,د
img_11236.jpg,23
img_11237.jpg,3.6m
img_11238.jpg,محدودیت
img_11239.jpg,ارتفاع
img_11240.jpg,مسیر
img_11241.jpg,ویژه
img_11242.jpg,اتوبوس
img_11243.jpg,تندرو
img_11244.jpg,فتح
img_11245.jpg,شرق
img_11246.jpg,آزاداگان
img_11247.jpg,مراکز
img_11248.jpg,تجاری
img_11249.jpg,Trade
img_11250.jpg,Centers
img_11251.jpg,بیمارستان
img_11252.jpg,امام
img_11253.jpg,علی
img_11254.jpg,ع
img_11255.jpg,
img_11256.jpg,H
img_11257.jpg,روستای
img_11258.jpg,تاریخی
img_11259.jpg,تیس
img_11260.jpg,Tis
img_11261.jpg,Historic
img_11262.jpg,Village
img_11263.jpg,مرکز
img_11264.jpg,خدمات
img_11265.jpg,درمانی
img_11266.jpg,داروخانه
img_11267.jpg,Health
img_11268.jpg,Center
img_11269.jpg,Pharmacy
img_11270.jpg,شهر
img_11271.jpg,مرکز
img_11272.jpg,City
img_11273.jpg,Center
img_11274.jpg,بلوار
img_11275.jpg,امام
img_11276.jpg,خمینی
img_11277.jpg,منطقه
img_11278.jpg,آزاد
img_11279.jpg,چابهار
img_11280.jpg,جاده
img_11281.jpg,به
img_11282.jpg,طول
img_11283.jpg,۱۰
img_11284.jpg,کیلومتر
img_11285.jpg,است
img_11286.jpg,احداث
img_11287.jpg,دست
img_11288.jpg,در
img_11289.jpg,شرکت ایزدیار دشتیاری
img_11290.jpg,مراکز
img_11291.jpg,تجاری
img_11292.jpg,Centers
img_11293.jpg,Trade
img_11294.jpg,مرکز
img_11295.jpg,شهر
img_11296.jpg,H
img_11297.jpg,City
img_11298.jpg,Center
img_11299.jpg,فرودگاه
img_11300.jpg,Air Port
img_11301.jpg,کنارک
img_11302.jpg,نیک شهر
img_11303.jpg,Konarak
img_11304.jpg,Nik Shahr
img_11305.jpg,جلایی
img_11306.jpg,کلگ
img_11307.jpg,Jalai
img_11308.jpg,Kallag
img_11309.jpg,آیت اله
img_11310.jpg,کاشانی
img_11311.jpg,شرق
img_11312.jpg,جنوب
img_11313.jpg,ستاری
img_11314.jpg,شهید
img_11315.jpg,Kashani
img_11316.jpg,Blvd.
img_11317.jpg,East
img_11318.jpg,Sattari
img_11319.jpg,Exp.
img_11320.jpg,South
img_11321.jpg,####
img_11322.jpg,ه
img_11323.jpg,99
img_11324.jpg,13
img_11325.jpg,###
img_11326.jpg,ایست
img_11327.jpg,۷۸
img_11328.jpg,ی
img_11329.jpg,۲۱۲
img_11330.jpg,۲۰
img_11331.jpg,شهید
img_11332.jpg,حکیم
img_11333.jpg,شهید
img_11334.jpg,خرازی
img_11335.jpg,Hakim
img_11336.jpg,Exp.
img_11337.jpg,Kharazi
img_11338.jpg,Exp.
img_11339.jpg,پژوهش
img_11340.jpg,Pajuhesh
img_11341.jpg,Blvd.
img_11342.jpg,وردآورد
img_11343.jpg,Vardavard
img_11344.jpg,شهرداری
img_11345.jpg,ناحیه
img_11346.jpg,۳
img_11347.jpg,مهریز
img_11348.jpg,Mehriz
img_11349.jpg,۷۱
img_11350.jpg,71
img_11351.jpg,پایانه
img_11352.jpg,بار
img_11353.jpg,Truck
img_11354.jpg,Terminal
img_11355.jpg,خضر
img_11356.jpg,آباد
img_11357.jpg,Khezr
img_11358.jpg,Abad
img_11359.jpg,شهید
img_11360.jpg,همدانی
img_11361.jpg,غرب
img_11362.jpg,Hamedani
img_11363.jpg,Exp
img_11364.jpg,West
img_11365.jpg,کرج
img_11366.jpg,تهران
img_11367.jpg,Tehran
img_11368.jpg,Karaj
img_11369.jpg,Fwy
img_11370.jpg,60
img_11371.jpg,مدرسه
img_11372.jpg,۲۵۰
img_11373.jpg,متر
img_11374.jpg,آهسته
img_11375.jpg,SLOW
img_11376.jpg,توقف
img_11377.jpg,وسایل
img_11378.jpg,نقلیه
img_11379.jpg,سنگین
img_11380.jpg,سرتاسر
img_11381.jpg,مسیر
img_11382.jpg,ممنوع
img_11383.jpg,مسیر
img_11384.jpg,ویژه
img_11385.jpg,اتوبوس
img_11386.jpg,تندرو
img_11387.jpg,محدودیت
img_11388.jpg,ارتفاع
img_11389.jpg,3.8m
img_11390.jpg,خندان
img_11391.jpg,سید
img_11392.jpg,آرژانتین
img_11393.jpg,Sayyed
img_11394.jpg,Khandan
img_11395.jpg,Argentina
img_11396.jpg,Sq.
img_11397.jpg,امام
img_11398.jpg,علی
img_11399.jpg,(ع)
img_11400.jpg,جانبازان
img_11401.jpg,شهید
img_11402.jpg,آیت
img_11403.jpg,Imam
img_11404.jpg,Ali
img_11405.jpg,Exp
img_11406.jpg,Janbazan
img_11407.jpg,Ayat
img_11408.jpg,St.
img_11409.jpg,###
img_11410.jpg,سید
img_11411.jpg,خندان
img_11412.jpg,ونک
img_11413.jpg,Seyyed
img_11414.jpg,Khandan
img_11415.jpg,Vanak
img_11416.jpg,Sq.
img_11417.jpg,امام
img_11418.jpg,علی
img_11419.jpg,(ع)
img_11420.jpg,جانبازان
img_11421.jpg,-
img_11422.jpg,شهید
img_11423.jpg,آیت
img_11424.jpg,Imam
img_11425.jpg,Ali
img_11426.jpg,Exp.
img_11427.jpg,Janbazan
img_11428.jpg,-
img_11429.jpg,Ayat
img_11430.jpg,St.
img_11431.jpg,خروج
img_11432.jpg,از محدوده
img_11433.jpg,####
img_11434.jpg,آلودگی هوا
img_11435.jpg,شهید
img_11436.jpg,نواب
img_11437.jpg,27
img_11438.jpg,امام
img_11439.jpg,خمینی
img_11440.jpg,Imam
img_11441.jpg,Khomeini
img_11442.jpg,Airport
img_11443.jpg,تعاون
img_11444.jpg,دهکده
img_11445.jpg,Ta'avon
img_11446.jpg,Blvd
img_11447.jpg,Dehkadeh
img_11448.jpg,Blvd
img_11449.jpg,شهید
img_11450.jpg,باکری
img_11451.jpg,آزادی
img_11452.jpg,ورزشگاه
img_11453.jpg,Bakeri
img_11454.jpg,Exp.
img_11455.jpg,Azadi
img_11456.jpg,Sport
img_11457.jpg,Complex
img_11458.jpg,نیکشهر
img_11459.jpg,ایرانشهر
img_11460.jpg,زاهدان
img_11461.jpg,20
img_11462.jpg,210
img_11463.jpg,530
img_11464.jpg,کیلومتر
img_11465.jpg,کیلومتر
img_11466.jpg,کیلومتر
img_11467.jpg,20
img_11468.jpg,km
img_11469.jpg,210
img_11470.jpg,km
img_11471.jpg,530
img_11472.jpg,km
img_11473.jpg,Nikshahr
img_11474.jpg,dan
img_11475.jpg,ah
img_11476.jpg,###
img_11477.jpg,30
img_11478.jpg,یراست
img_11479.jpg,برانید
img_11480.jpg,Keep
img_11481.jpg,Right
img_11482.jpg,پایانه
img_11483.jpg,بار
img_11484.jpg,یزد
img_11485.jpg,Yazd
img_11486.jpg,Cargo
img_11487.jpg,Terminal
img_11488.jpg,۵۰۰
img_11489.jpg,متر
img_11490.jpg,CNG
img_11491.jpg,500
img_11492.jpg,m
img_11493.jpg,شهید
img_11494.jpg,همدانی
img_11495.jpg,شرق
img_11496.jpg,پژوهش
img_11497.jpg,Hamedani
img_11498.jpg,Exp.
img_11499.jpg,East
img_11500.jpg,Pajoohesh
img_11501.jpg,Blvd.
img_11502.jpg,مجتمع
img_11503.jpg,پتروشیمی
img_11504.jpg,شهرک
img_11505.jpg,صنعتی
img_11506.jpg,چابهار
img_11507.jpg,سرباز
img_11508.jpg,Sarabaz
img_11509.jpg,Zone
img_11510.jpg,Industrial
img_11511.jpg,Chabahar
img_11512.jpg,petrochemical
img_11513.jpg,Complex
img_11514.jpg,۶۴
img_11515.jpg,ص
img_11516.jpg,۴۶۸
img_11517.jpg,۹۵
img_11518.jpg,به
img_11519.jpg,تقاطع
img_11520.jpg,نزدیک
img_11521.jpg,میشوید
img_11522.jpg,۵۰۰
img_11523.jpg,متر
img_11524.jpg,500
img_11525.jpg,m
img_11526.jpg,شهید
img_11527.jpg,سلیمانی
img_11528.jpg,شرق
img_11529.jpg,شمال
img_11530.jpg,شریعتی
img_11531.jpg,313 N
img_11532.jpg,24 E
img_11533.jpg,404
img_11534.jpg,393
img_11535.jpg,سهروردی
img_11536.jpg,بهشتی
img_11537.jpg,شهید
img_11538.jpg,شهید
img_11539.jpg,مدرس
img_11540.jpg,آفریقا
img_11541.jpg,325
img_11542.jpg,15
img_11543.jpg,ترافیک سنگین
img_11544.jpg,مدرس
img_11545.jpg,تا
img_11546.jpg,ابتدای
img_11547.jpg,تونل
img_11548.jpg,روستای
img_11549.jpg,تاریخی
img_11550.jpg,تیس
img_11551.jpg,مجتمع
img_11552.jpg,تفریحی
img_11553.jpg,ساحلی
img_11554.jpg,تیس
img_11555.jpg,Complex
img_11556.jpg,Beach
img_11557.jpg,Tis
img_11558.jpg,Tis
img_11559.jpg,Historiec
img_11560.jpg,Village
img_11561.jpg,مرکز
img_11562.jpg,خدمات
img_11563.jpg,درمانی
img_11564.jpg,داروخانه
img_11565.jpg,Health
img_11566.jpg,Center
img_11567.jpg,Pharmacy
img_11568.jpg,باغ
img_11569.jpg,ملی
img_11570.jpg,تیس
img_11571.jpg,Garden
img_11572.jpg,National
img_11573.jpg,Tis
img_11574.jpg,فرودگاه
img_11575.jpg,َAir
img_11576.jpg,Port
img_11577.jpg,کنارک
img_11578.jpg,نیک شهر
img_11579.jpg,-
img_11580.jpg,Konark
img_11581.jpg,Nik Shahr
img_11582.jpg,.
img_11583.jpg,چابهار
img_11584.jpg,#######
img_11585.jpg,Rimdan
img_11586.jpg,border
img_11587.jpg,termin
img_11588.jpg,شتیاری
img_11589.jpg,Dashtyari
img_11590.jpg,یه
img_11591.jpg,منطقه
img_11592.jpg,آزاد
img_11593.jpg,تجاری
img_11594.jpg,صتعتی
img_11595.jpg,چابهار
img_11596.jpg,خوش
img_11597.jpg,آمدید
img_11598.jpg,Welcome
img_11599.jpg,To
img_11600.jpg,Chabahar
img_11601.jpg,Free
img_11602.jpg,Trade
img_11603.jpg,&
img_11604.jpg,Ind.
img_11605.jpg,Zone
img_11606.jpg,Chabahar
img_11607.jpg,Free
img_11608.jpg,Zone
img_11609.jpg,سازمان
img_11610.jpg,منطقه
img_11611.jpg,آزاد
img_11612.jpg,چابهار
img_11613.jpg,محل
img_11614.jpg,احراز
img_11615.jpg,هویت
img_11616.jpg,و
img_11617.jpg,ثبت
img_11618.jpg,نام
img_11619.jpg,کارگزاری های
img_11620.jpg,شهید
img_11621.jpg,خرازی
img_11622.jpg,دریاچه
img_11623.jpg,شهدای
img_11624.jpg,خلیج
img_11625.jpg,Kharazi
img_11626.jpg,Exp.
img_11627.jpg,فارس
img_11628.jpg,Persian
img_11629.jpg,Gulf
img_11630.jpg,Lake
img_11631.jpg,خروج
img_11632.jpg,خروج
img_11633.jpg,کرج
img_11634.jpg,Karaj
img_11635.jpg,Fwy
img_11636.jpg,چالوس
img_11637.jpg,Chaloos
img_11638.jpg,وردآورد
img_11639.jpg,Vardavard
img_11640.jpg,تهران
img_11641.jpg,Tehran
img_11642.jpg,Fwy
img_11643.jpg,فتح
img_11644.jpg,لشگری
img_11645.jpg,شهید
img_11646.jpg,Fath
img_11647.jpg,Exp.
img_11648.jpg,Lashgari
img_11649.jpg,Exp.
img_11650.jpg,ایرانشهر
img_11651.jpg,مراکز
img_11652.jpg,صتعتی
img_11653.jpg,و
img_11654.jpg,تجاری
img_11655.jpg,منطقه
img_11656.jpg,آزاد
img_11657.jpg,چابهار
img_11658.jpg,چابهار
img_11659.jpg,Chabahar
img_11660.jpg,Free
img_11661.jpg,Zone
img_11662.jpg,Ind.
img_11663.jpg,&
img_11664.jpg,Trade
img_11665.jpg,Centres
img_11666.jpg,Chabahar
img_11667.jpg,Iranshahr
img_11668.jpg,دوربین
img_11669.jpg,کنترل
img_11670.jpg,سرعت
img_11671.jpg,POLICE
img_11672.jpg,ENFORCEMENT
img_11673.jpg,CAMERAS
img_11674.jpg,کردستان
img_11675.jpg,شهید
img_11676.jpg,حکیم
img_11677.jpg,Kordestan
img_11678.jpg,Exp.
img_11679.jpg,Hakim
img_11680.jpg,Exp.
img_11681.jpg,شهید
img_11682.jpg,چمران
img_11683.jpg,شیخ
img_11684.jpg,فضل
img_11685.jpg,اله
img_11686.jpg,Chamran
img_11687.jpg,Exp.
img_11688.jpg,Sheykh
img_11689.jpg,Fazlollah
img_11690.jpg,Exp.
img_11691.jpg,شهید
img_11692.jpg,ستاری
img_11693.jpg,شهید
img_11694.jpg,باکری
img_11695.jpg,Sattari
img_11696.jpg,Exp.
img_11697.jpg,Bakeri
img_11698.jpg,Exp
img_11699.jpg,۱۱۳
img_11700.jpg,آهسته
img_11701.jpg,Slow
img_11702.jpg,کرمانشاه
img_11703.jpg,شهرک
img_11704.jpg,الهیه
img_11705.jpg,غرب
img_11706.jpg,Shahrak-e-Elahiyeh
img_11707.jpg,Qarb
img_11708.jpg,وردآورد
img_11709.jpg,Vardavard
img_11710.jpg,کرج
img_11711.jpg,Karaj
img_11712.jpg,Fwy
img_11713.jpg,غرب
img_11714.jpg,همدانی
img_11715.jpg,شهید
img_11716.jpg,Hamadani
img_11717.jpg,Exp.
img_11718.jpg,West
img_11719.jpg,پژوهش
img_11720.jpg,شمال
img_11721.jpg,Pajoohesh
img_11722.jpg,Blvd.
img_11723.jpg,North
img_11724.jpg,مهریز
img_11725.jpg,Mehriz
img_11726.jpg,پادگان
img_11727.jpg,شهید
img_11728.jpg,صدوقی
img_11729.jpg,Shahid
img_11730.jpg,Sadooqi
img_11731.jpg,Garrison
img_11732.jpg,خوابگاه
img_11733.jpg,دانشجویی
img_11734.jpg,Student
img_11735.jpg,Dormitories
img_11736.jpg,دانشگاه
img_11737.jpg,علمی
img_11738.jpg,کاربردی
img_11739.jpg,Uni.
img_11740.jpg,Science
img_11741.jpg,&
img_11742.jpg,Tec
img_11743.jpg,ورزشگاه
img_11744.jpg,ورنا
img_11745.jpg,Varna
img_11746.jpg,Stadium
img_11747.jpg,کاهش
img_11748.jpg,خط
img_11749.jpg,عبور
img_11750.jpg,افزایش
img_11751.jpg,خط
img_11752.jpg,عبور
img_11753.jpg,آهسته
img_11754.jpg,مراکز
img_11755.jpg,تجاری
img_11756.jpg,Trade
img_11757.jpg,Centers
img_11758.jpg,میدان
img_11759.jpg,میوه
img_11760.jpg,و
img_11761.jpg,تره
img_11762.jpg,بار
img_11763.jpg,Fruit
img_11764.jpg,&
img_11765.jpg,vegetable
img_11766.jpg,wholsale
img_11767.jpg,Central
img_11768.jpg,Market
img_11769.jpg,بنیاد
img_11770.jpg,بتن
img_11771.jpg,جنوب
img_11772.jpg,شرق
img_11773.jpg,Jonoub
img_11774.jpg,Shargh
img_11775.jpg,Bonyad
img_11776.jpg,beton
img_11777.jpg,پادگان
img_11778.jpg,شهید
img_11779.jpg,صدوقی
img_11780.jpg,Shahid
img_11781.jpg,Sadooqi
img_11782.jpg,Garrison
img_11783.jpg,z
img_11784.jpg,مهریز
img_11785.jpg,Mehriz
img_11786.jpg,Kerman
img_11787.jpg,کرمان
img_11788.jpg,تفت
img_11789.jpg,ابرکوه
img_11790.jpg,شیراز
img_11791.jpg,Taft
img_11792.jpg,Abarkooh
img_11793.jpg,Shiraz
img_11794.jpg,دانشگاه
img_11795.jpg,آزاد
img_11796.jpg,اسلامی
img_11797.jpg,دانشگاه
img_11798.jpg,بین
img_11799.jpg,المللی
img_11800.jpg,چابهار
img_11801.jpg,Islamic
img_11802.jpg,Azad
img_11803.jpg,Uni
img_11804.jpg,###
img_11805.jpg,P
img_11806.jpg,مرکز
img_11807.jpg,شهر
img_11808.jpg,City
img_11809.jpg,Center
img_11810.jpg,کنارک
img_11811.jpg,-
img_11812.jpg,نیک
img_11813.jpg,شهر
img_11814.jpg,Konarak
img_11815.jpg,Nik 
img_11816.jpg,Shahr
img_11817.jpg,پلیس
img_11818.jpg,راه
img_11819.jpg,POLICE
img_11820.jpg,۲
img_11821.jpg,کیلومتر
img_11822.jpg,Km
img_11823.jpg,2
img_11824.jpg,60
img_11825.jpg,مدرسه
img_11826.jpg,۲۵۰
img_11827.jpg,متر
img_11828.jpg,۵۰
img_11829.jpg,50
img_11830.jpg,۶۰
img_11831.jpg,60
img_11832.jpg,حطر
img_11833.jpg,برخورد
img_11834.jpg,تصادف
img_11835.jpg,در
img_11836.jpg,سرعت
img_11837.jpg,و
img_11838.jpg,سبقت
img_11839.jpg,غیرمجاز
img_11840.jpg,استان
img_11841.jpg,سیستان و بلوچستان
img_11842.jpg,ایرانشهر
img_11843.jpg,اداره کل
img_11844.jpg,###
img_11845.jpg,P
img_11846.jpg,پارکینگ
img_11847.jpg,اداره
img_11848.jpg,بازرگانی
img_11849.jpg,Business
img_11850.jpg,Agency
img_11851.jpg,میدان
img_11852.jpg,مرکزی
img_11853.jpg,میوه
img_11854.jpg,و
img_11855.jpg,تره
img_11856.jpg,بار
img_11857.jpg,یزد
img_11858.jpg,Fruit
img_11859.jpg,&
img_11860.jpg,Vegetable
img_11861.jpg,Wholsale
img_11862.jpg,Centeral
img_11863.jpg,Market
img_11864.jpg,750
img_11865.jpg,M
img_11866.jpg,متر
img_11867.jpg,۷۵۰
img_11868.jpg,مهریز
img_11869.jpg,Mehriz
img_11870.jpg,یزد
img_11871.jpg,Yazd
img_11872.jpg,500
img_11873.jpg,m
img_11874.jpg,متر
img_11875.jpg,۵۰۰
img_11876.jpg,مهریز
img_11877.jpg,Mehriz
img_11878.jpg,کرمان
img_11879.jpg,Kerman
img_11880.jpg,تفت
img_11881.jpg,شیراز
img_11882.jpg,Taft
img_11883.jpg,Shiraz
img_11884.jpg,متر
img_11885.jpg,۱۰۰۰
img_11886.jpg,1000
img_11887.jpg,m
img_11888.jpg,Mehriz
img_11889.jpg,یزد
img_11890.jpg,Yazd
img_11891.jpg,کارخانه
img_11892.jpg,سیمان
img_11893.jpg,Cement
img_11894.jpg,Co.
img_11895.jpg,مهریز
img_11896.jpg,دانشگاه
img_11897.jpg,آزاد
img_11898.jpg,Azad
img_11899.jpg,Islamic
img_11900.jpg,uni
img_11901.jpg,بین
img_11902.jpg,المللی
img_11903.jpg,International
img_11904.jpg,Uni
img_11905.jpg,شهرک
img_11906.jpg,مسکونی
img_11907.jpg,شهید
img_11908.jpg,صیاد
img_11909.jpg,Sh.
img_11910.jpg,Sayad
img_11911.jpg,Residential
img_11912.jpg,Town
img_11913.jpg,آزمایشگاه
img_11914.jpg,Laboratory
img_11915.jpg,غذا
img_11916.jpg,و
img_11917.jpg,دارو
img_11918.jpg,اسلامی
img_11919.jpg,ORUM
img_11920.jpg,LPG
img_11921.jpg,6160986950
img_11922.jpg,دارنده
img_11923.jpg,نشان
img_11924.jpg,ملی
img_11925.jpg,استاندارد
img_11926.jpg,گمرک
img_11927.jpg,بندر
img_11928.jpg,خشک
img_11929.jpg,پیشگامان
img_11930.jpg,۲
img_11931.jpg,کیلومتر
img_11932.jpg,Km
img_11933.jpg,2
img_11934.jpg,Pishgaman
img_11935.jpg,Dry
img_11936.jpg,Port
img_11937.jpg,Customs
img_11938.jpg,مهریز
img_11939.jpg,کرمان
img_11940.jpg,تفت
img_11941.jpg,ابرکوه
img_11942.jpg,شیراز
img_11943.jpg,Taft
img_11944.jpg,Abarkooh
img_11945.jpg,Shiraz
img_11946.jpg,Mehriz
img_11947.jpg,Kerman
img_11948.jpg,لواشک
img_11949.jpg,ترشک
img_11950.jpg,یزد
img_11951.jpg,Yazd
img_11952.jpg,نمایشگاههای
img_11953.jpg,بین
img_11954.jpg,المللی
img_11955.jpg,توربین
img_11956.jpg,های
img_11957.jpg,صنعتی
img_11958.jpg,غدیر
img_11959.jpg,International
img_11960.jpg,Exhibitions
img_11961.jpg,GITCO.
img_11962.jpg,Kerman
img_11963.jpg,یزد
img_11964.jpg,Yazd
img_11965.jpg,۵۰۰
img_11966.jpg,متر
img_11967.jpg,500
img_11968.jpg,m
img_11969.jpg,افزایش
img_11970.jpg,خط
img_11971.jpg,عبور
img_11972.jpg,۵۰۰
img_11973.jpg,متر
img_11974.jpg,500m
img_11975.jpg,دبیرستان
img_11976.jpg,دانا
img_11977.jpg,و
img_11978.jpg,توانا
img_11979.jpg,Dana
img_11980.jpg,Tavana
img_11981.jpg,High
img_11982.jpg,School
img_11983.jpg,دانشگاه
img_11984.jpg,آزاد
img_11985.jpg,Azad
img_11986.jpg,Uni.
img_11987.jpg,مرکز
img_11988.jpg,رشد
img_11989.jpg,Roshd
img_11990.jpg,Center
img_11991.jpg,For
img_11992.jpg,Research
img_11993.jpg,Scientific
img_11994.jpg,بین المللی
img_11995.jpg,International
img_11996.jpg,&
img_11997.jpg,بندرعباس
img_11998.jpg,زاهدان
img_11999.jpg,انار
img_12000.jpg,کرمان
img_12001.jpg,مهریز
img_12002.jpg,یزد
img_12003.jpg,Yazd
img_12004.jpg,Mehriz
img_12005.jpg,Anar
img_12006.jpg,Kerman
img_12007.jpg,Bandar
img_12008.jpg,Abbas
img_12009.jpg,Zahedan
img_12010.jpg,MAMMUT
img_12011.jpg,۱۷۱۸۴۷۷
img_12012.jpg,1718477
img_12013.jpg,مدیریت
img_12014.jpg,امور
img_12015.jpg,شهری
img_12016.jpg,و
img_12017.jpg,روستایی
img_12018.jpg,مدیریت
img_12019.jpg,بهره
img_12020.jpg,برداری
img_12021.jpg,C.F.Z
img_12022.jpg,نیکشهر
img_12023.jpg,ایرانشهر
img_12024.jpg,Nikshahr
img_12025.jpg,Iranshahr
img_12026.jpg,کنارک
img_12027.jpg,فرودگاه
img_12028.jpg,Konarak
img_12029.jpg,AirPort
img_12030.jpg,مزون
img_12031.jpg,عبانتو
img_12032.jpg,خوراکیهای
img_12033.jpg,خوشمزه
img_12034.jpg,تلخ
img_12035.jpg,مهریز
img_12036.jpg,کرمان
img_12037.jpg,تفت
img_12038.jpg,ابرکوه
img_12039.jpg,شیراز
img_12040.jpg,Taft
img_12041.jpg,Abarkooh
img_12042.jpg,Shiraz
img_12043.jpg,Mehriz
img_12044.jpg,Kerman
img_12045.jpg,نیکشهر
img_12046.jpg,ایرانشهر
img_12047.jpg,چابهار
img_12048.jpg,پایانه
img_12049.jpg,مرزی
img_12050.jpg,ریمدان
img_12051.jpg,Nikshahr
img_12052.jpg,Iranshahr
img_12053.jpg,Chabahar
img_12054.jpg,Rimdan
img_12055.jpg,border
img_12056.jpg,terminal
img_12057.jpg,کتابخانه
img_12058.jpg,مرکزی
img_12059.jpg,و
img_12060.jpg,مرکز
img_12061.jpg,اسناد
img_12062.jpg,موزه
img_12063.jpg,علوم
img_12064.jpg,طبیعی
img_12065.jpg,مکران
img_12066.jpg,سویق
img_12067.jpg,گندم
img_12068.jpg,و
img_12069.jpg,سویق
img_12070.jpg,جو
img_12071.jpg,صد درصد
img_12072.jpg,سنتی
img_12073.jpg,و
img_12074.jpg,خالص
img_12075.jpg,افزایش
img_12076.jpg,خط
img_12077.jpg,عبور
img_12078.jpg,۱۰۰۰
img_12079.jpg,متر
img_12080.jpg,m
img_12081.jpg,1000
img_12082.jpg,چابهار
img_12083.jpg,نیکشهر
img_12084.jpg,Nikshahr
img_12085.jpg,Chabahar
img_12086.jpg,کنارک
img_12087.jpg,Konarak
img_12088.jpg,چابهار
img_12089.jpg,Chabahar
img_12090.jpg,ایرانشهر
img_12091.jpg,Iranshahr
img_12092.jpg,نیکشهر
img_12093.jpg,Nikshahr
img_12094.jpg,کنارک
img_12095.jpg,زرآباد
img_12096.jpg,بندرعباس
img_12097.jpg,Konarak
img_12098.jpg,Zarabad
img_12099.jpg,Bandarabas
img_12100.jpg,30
img_12101.jpg,ایستگاه
img_12102.jpg,اتوبوس
img_12103.jpg,Bus
img_12104.jpg,Stop
img_12105.jpg,خط
img_12106.jpg,تالار
img_12107.jpg,وحدت
img_12108.jpg,60
img_12109.jpg,آهسته
img_12110.jpg,SLOW
img_12111.jpg,کنارک
img_12112.jpg,Konarak
img_12113.jpg,چابهار
img_12114.jpg,Chabahar
img_12115.jpg,ایرانشهر
img_12116.jpg,Iranshahr
img_12117.jpg,مهریز
img_12118.jpg,Mehriz
img_12119.jpg,یزد
img_12120.jpg,بافق
img_12121.jpg,زرند
img_12122.jpg,۶۵
img_12123.jpg,65
img_12124.jpg,مهریز
img_12125.jpg,Mehriz
img_12126.jpg,میبد
img_12127.jpg,مشهد
img_12128.jpg,۵۰۰
img_12129.jpg,متر
img_12130.jpg,500
img_12131.jpg,m
img_12132.jpg,منطقه
img_12133.jpg,آزاد
img_12134.jpg,چابهار
img_12135.jpg,۲۵
img_12136.jpg,کیلومتر
img_12137.jpg,Chabahar
img_12138.jpg,Free
img_12139.jpg,Zone
img_12140.jpg,25
img_12141.jpg,km
img_12142.jpg,کهیر
img_12143.jpg,زرآباد
img_12144.jpg,کارگاه   ها
img_12145.jpg,و
img_12146.jpg,آزمایشگاه
img_12147.jpg,فتح
img_12148.jpg,غرب
img_12149.jpg,شهریار
img_12150.jpg,Fath Exp
img_12151.jpg,Shahriyar
img_12152.jpg,West
img_12153.jpg,انحراف
img_12154.jpg,مسیر
img_12155.jpg,مستقیم
img_12156.jpg,مسدود
img_12157.jpg,است
img_12158.jpg,خوابگاه
img_12159.jpg,فاطمیه
img_12160.jpg,س
img_12161.jpg,کنارک
img_12162.jpg,Konarak
img_12163.jpg,زرآباد
img_12164.jpg,بندرعباس
img_12165.jpg,Zarabad
img_12166.jpg,Bandarabas
img_12167.jpg,خطر
img_12168.jpg,تصادف
img_12169.jpg,۲۵۰
img_12170.jpg,متر
img_12171.jpg,250
img_12172.jpg,m
img_12173.jpg,حد
img_12174.jpg,ترخص
img_12175.jpg,Limit
img_12176.jpg,Of
img_12177.jpg,Tarakhus
img_12178.jpg,یزد
img_12179.jpg,Yazd
img_12180.jpg,اداره
img_12181.jpg,آموزش
img_12182.jpg,و
img_12183.jpg,پرورش
img_12184.jpg,education
img_12185.jpg,agency
img_12186.jpg,اداره
img_12187.jpg,میراث
img_12188.jpg,فرهنگی
img_12189.jpg,cultural
img_12190.jpg,Heritage
img_12191.jpg,Agency
img_12192.jpg,سازمان
img_12193.jpg,انتقال
img_12194.jpg,خون
img_12195.jpg,هلال
img_12196.jpg,احمر
img_12197.jpg,Blood
img_12198.jpg,Transfusion
img_12199.jpg,Helal
img_12200.jpg,ahmar
img_12201.jpg,سازمان
img_12202.jpg,محیط
img_12203.jpg,زیست
img_12204.jpg,Environmental
img_12205.jpg,Protection
img_12206.jpg,Agency
img_12207.jpg,نمایندگی
img_12208.jpg,سازمان
img_12209.jpg,بازرسی
img_12210.jpg,استان
img_12211.jpg,سیستان
img_12212.jpg,و
img_12213.jpg,بلوچستان
img_12214.jpg,خطر
img_12215.jpg,دوطرفه
img_12216.jpg,شدن
img_12217.jpg,راه
img_12218.jpg,متر
img_12219.jpg,۲۵۰
img_12220.jpg,250
img_12221.jpg,m
img_12222.jpg,منطقه
img_12223.jpg,مسکونی
img_12224.jpg,50
img_12225.jpg,مجتمع
img_12226.jpg,آموزشی
img_12227.jpg,دانشگاه
img_12228.jpg,آزادگان
img_12229.jpg,80
img_12230.jpg,4.5m
img_12231.jpg,Azadegan Exp
img_12232.jpg,کنارک
img_12233.jpg,Konarak
img_12234.jpg,چابهار
img_12235.jpg,Chabahar
img_12236.jpg,ایرانشهر
img_12237.jpg,Iranshahr
img_12238.jpg,خطر
img_12239.jpg,دو
img_12240.jpg,طرفه
img_12241.jpg,شدن
img_12242.jpg,راه
img_12243.jpg,متر
img_12244.jpg,۲۵۰
img_12245.jpg,250
img_12246.jpg,m
img_12247.jpg,توقف
img_12248.jpg,در
img_12249.jpg,حاشیه
img_12250.jpg,ممنوع
img_12251.jpg,بزرگراه
img_12252.jpg,امام
img_12253.jpg,شمال
img_12254.jpg,فرحزاد
img_12255.jpg,سعادت
img_12256.jpg,آباد
img_12257.jpg,Yadegare
img_12258.jpg,Emam
img_12259.jpg,Exp.
img_12260.jpg,North
img_12261.jpg,خروجی
img_12262.jpg,اول
img_12263.jpg,Abad
img_12264.jpg,Sa'adat
img_12265.jpg,Farahzad
img_12266.jpg,یادگار
img_12267.jpg,امام
img_12268.jpg,جنوب
img_12269.jpg,مرزداران
img_12270.jpg,خروجی
img_12271.jpg,دوم
img_12272.jpg,South
img_12273.jpg,Exp.
img_12274.jpg,Emam
img_12275.jpg,Yadegare
img_12276.jpg,Marzdaran
img_12277.jpg,Blvd.
img_12278.jpg,یادگار
img_12279.jpg,کنارک
img_12280.jpg,نیک
img_12281.jpg,شهر
img_12282.jpg,Konark
img_12283.jpg,Nik
img_12284.jpg,Shahr
img_12285.jpg,ایرانشهر
img_12286.jpg,بندرعباس
img_12287.jpg,Iranshahr
img_12288.jpg,Bandar
img_12289.jpg,Abbas
img_12290.jpg,مجتمع
img_12291.jpg,پتروشیمی
img_12292.jpg,شهرک
img_12293.jpg,صنعتی
img_12294.jpg,چابهار
img_12295.jpg,سرباز
img_12296.jpg,Sarbaz
img_12297.jpg,Petrochemical
img_12298.jpg,Complex
img_12299.jpg,Chabahar
img_12300.jpg,industrial
img_12301.jpg,Zone
img_12302.jpg,منطقه
img_12303.jpg,آزاد
img_12304.jpg,چابهار
img_12305.jpg,بلوار
img_12306.jpg,امام
img_12307.jpg,رضا
img_12308.jpg,H
img_12309.jpg,بیمارستان
img_12310.jpg,امام
img_12311.jpg,علی
img_12312.jpg,ع
img_12313.jpg,Hospital
img_12314.jpg,H
img_12315.jpg,مرکز
img_12316.jpg,شهر
img_12317.jpg,City
img_12318.jpg,Center
img_12319.jpg,کنارک
img_12320.jpg,-
img_12321.jpg,نیک
img_12322.jpg,شهر
img_12323.jpg,Konarak
img_12324.jpg,Nik
img_12325.jpg,Shahr
img_12326.jpg,مرکز
img_12327.jpg,معاینه
img_12328.jpg,فنی
img_12329.jpg,دماوند
img_12330.jpg,76
img_12331.jpg,ق
img_12332.jpg,841
img_12333.jpg,55
img_12334.jpg,ایران
img_12335.jpg,49
img_12336.jpg,ق
img_12337.jpg,348
img_12338.jpg,75
img_12339.jpg,ط
img_12340.jpg,813
img_12341.jpg,99
img_12342.jpg,عبور از خط
img_12343.jpg,اضطرار ممنوع
img_12344.jpg,چراغها
img_12345.jpg,را
img_12346.jpg,روشن
img_12347.jpg,کنید
img_12348.jpg,Turn
img_12349.jpg,The
img_12350.jpg,Head
img_12351.jpg,Lights on
img_12352.jpg,شاهد
img_12353.jpg,استخر
img_12354.jpg,Shahed
img_12355.jpg,Sq
img_12356.jpg,Estakhr
img_12357.jpg,St
img_12358.jpg,شهید
img_12359.jpg,باقری
img_12360.jpg,رسالت
img_12361.jpg,Baqeri
img_12362.jpg,Exp
img_12363.jpg,Resalat
img_12364.jpg,Sq
img_12365.jpg,اول
img_12366.jpg,تهرانپارس
img_12367.jpg,جانبازان
img_12368.jpg,Tehranpars
img_12369.jpg,1st
img_12370.jpg,Sq.
img_12371.jpg,Janbazan
img_12372.jpg,Blvd.
img_12373.jpg,SPEEDY
img_12374.jpg,اسپیدی
img_12375.jpg,اتو سرویس
img_12376.jpg,###
img_12377.jpg,###
img_12378.jpg,نمایشگاه
img_12379.jpg,بین المللی
img_12380.jpg,Chabahar
img_12381.jpg,Exhibition
img_12382.jpg,ایران
img_12383.jpg,خودرو
img_12384.jpg,پژوهش
img_12385.jpg,Iran
img_12386.jpg,Khodro
img_12387.jpg,Blvd
img_12388.jpg,Pajoohesh
img_12389.jpg,Blvd
img_12390.jpg,ایران
img_12391.jpg,خودرو
img_12392.jpg,شمال
img_12393.jpg,شهید
img_12394.jpg,خرازی
img_12395.jpg,Iran
img_12396.jpg,Khodro
img_12397.jpg,Blvd
img_12398.jpg,North
img_12399.jpg,خروج
img_12400.jpg,Kharazi
img_12401.jpg,Exp.
img_12402.jpg,خروج
img_12403.jpg,ایران
img_12404.jpg,خودرو
img_12405.jpg,جنوب
img_12406.jpg,Iran
img_12407.jpg,Khodro
img_12408.jpg,Blvd
img_12409.jpg,South
img_12410.jpg,کرج
img_12411.jpg,تهران
img_12412.jpg,Tehran
img_12413.jpg,Karaj
img_12414.jpg,Fwy
img_12415.jpg,پژوهش
img_12416.jpg,شهید
img_12417.jpg,اردستانی
img_12418.jpg,Pajoohesh
img_12419.jpg,Blvd
img_12420.jpg,Ardestani
img_12421.jpg,Blvd
img_12422.jpg,فتح
img_12423.jpg,شهید
img_12424.jpg,لشگری
img_12425.jpg,Fath
img_12426.jpg,Exp.
img_12427.jpg,Lashgari
img_12428.jpg,Exp.
img_12429.jpg,چابهار
img_12430.jpg,chabahar
img_12431.jpg,فرودگاه
img_12432.jpg,کنارک
img_12433.jpg,AirPORT
img_12434.jpg,Konarak
img_12435.jpg,250
img_12436.jpg,متر
img_12437.jpg,مراکز
img_12438.jpg,تجاری
img_12439.jpg,مرکز
img_12440.jpg,شهر
img_12441.jpg,بیمارستان
img_12442.jpg,فرودگاه
img_12443.jpg,کنارک
img_12444.jpg,نیک شهر
img_12445.jpg,H
img_12446.jpg,H
img_12447.jpg,بلوار
img_12448.jpg,امام
img_12449.jpg,رضا
img_12450.jpg,منطقه
img_12451.jpg,آزاد
img_12452.jpg,City
img_12453.jpg,Center
img_12454.jpg,Air
img_12455.jpg,Port
img_12456.jpg,Trade
img_12457.jpg,Centers
img_12458.jpg,تهرانپارس
img_12459.jpg,Tehranpars
img_12460.jpg,کباب
img_12461.jpg,####
img_12462.jpg,####
img_12463.jpg,87
img_12464.jpg,د
img_12465.jpg,884
img_12466.jpg,66
img_12467.jpg,99
img_12468.jpg,999
img_12469.jpg,صحت
img_12470.jpg,###
img_12471.jpg,###
img_12472.jpg,###
img_12473.jpg,###
img_12474.jpg,###
img_12475.jpg,###
img_12476.jpg,###
img_12477.jpg,####
img_12478.jpg,شهید
img_12479.jpg,صیاد
img_12480.jpg,شیرازی
img_12481.jpg,شمال
img_12482.jpg,بنی
img_12483.jpg,هاشم
img_12484.jpg,Sayyade
img_12485.jpg,Shirazi
img_12486.jpg,Exp.
img_12487.jpg,Bani
img_12488.jpg,Hashem
img_12489.jpg,St.
img_12490.jpg,North
img_12491.jpg,گاج
img_12492.jpg,سبز
img_12493.jpg,16
img_12494.jpg,ی
img_12495.jpg,294
img_12496.jpg,88
img_12497.jpg,996
img_12498.jpg,99
img_12499.jpg,س
img_12500.jpg,23
img_12501.jpg,شهید
img_12502.jpg,صیاد
img_12503.jpg,-
img_12504.jpg,شمال
img_12505.jpg,بنی
img_12506.jpg,هاشم
img_12507.jpg,Sayyad
img_12508.jpg,Exp.
img_12509.jpg,North
img_12510.jpg,St.
img_12511.jpg,Bani
img_12512.jpg,Hashem
img_12513.jpg,اول
img_12514.jpg,خروجی
img_12515.jpg,دوم
img_12516.jpg,خروجی
img_12517.jpg,سبلان
img_12518.jpg,شهید
img_12519.jpg,صیاد
img_12520.jpg,جنوب
img_12521.jpg,Sayyad
img_12522.jpg,Exp.
img_12523.jpg,South
img_12524.jpg,Sabalan
img_12525.jpg,Sq.
img_12526.jpg,شریعتی
img_12527.jpg,شهید
img_12528.jpg,مدرس
img_12529.jpg,Shari'ati
img_12530.jpg,St.
img_12531.jpg,Modarres
img_12532.jpg,Exp.
img_12533.jpg,شهید حقانی
img_12534.jpg,ونک
img_12535.jpg,Haqqani Exp
img_12536.jpg,Vanak Sq
img_12537.jpg,مراکز
img_12538.jpg,تجاری
img_12539.jpg,Trade
img_12540.jpg,Center
img_12541.jpg,مرکز
img_12542.jpg,شهر
img_12543.jpg,Center
img_12544.jpg,City
img_12545.jpg,فرودگاه
img_12546.jpg,Air
img_12547.jpg,Port
img_12548.jpg,کنارک
img_12549.jpg,-
img_12550.jpg,نیک شهر
img_12551.jpg,Konarak
img_12552.jpg,Nik Shahr
img_12553.jpg,H
img_12554.jpg,H
img_12555.jpg,بیمارستان
img_12556.jpg,امام
img_12557.jpg,علی
img_12558.jpg,Hospital
img_12559.jpg,(ع)
img_12560.jpg,بلوار
img_12561.jpg,سوم
img_12562.jpg,تهرانپارس
img_12563.jpg,شهید
img_12564.jpg,زین الدین
img_12565.jpg,Tehranpars
img_12566.jpg,3rd
img_12567.jpg,Sq.
img_12568.jpg,Zeyneddin
img_12569.jpg,Exp.
img_12570.jpg,اول
img_12571.jpg,تهرانپارس
img_12572.jpg,شهید
img_12573.jpg,یاسینی
img_12574.jpg,Tehranpars
img_12575.jpg,1st
img_12576.jpg,Sq.
img_12577.jpg,Yasini
img_12578.jpg,Exp.
img_12579.jpg,####
img_12580.jpg,#####
img_12581.jpg,####
img_12582.jpg,###
img_12583.jpg,به
img_12584.jpg,سرعتگیر
img_12585.jpg,نزدیک
img_12586.jpg,میشوید
img_12587.jpg,پژوهش
img_12588.jpg,شمال
img_12589.jpg,شهید
img_12590.jpg,خرازی
img_12591.jpg,Pajoohesh
img_12592.jpg,Blvd
img_12593.jpg,North
img_12594.jpg,Kharazi
img_12595.jpg,Exp.
img_12596.jpg,شهید
img_12597.jpg,اردستانی
img_12598.jpg,خادمین
img_12599.jpg,Ardestani
img_12600.jpg,Blvd.
img_12601.jpg,Khademin
img_12602.jpg,Blvd.
img_12603.jpg,فتح
img_12604.jpg,شهید
img_12605.jpg,لشگری
img_12606.jpg,Fath
img_12607.jpg,Exp.
img_12608.jpg,Lashgari
img_12609.jpg,Exp.
img_12610.jpg,80
img_12611.jpg,حمل
img_12612.jpg,با
img_12613.jpg,جرثقیل
img_12614.jpg,خروجی
img_12615.jpg,اول
img_12616.jpg,شهید
img_12617.jpg,ستاری
img_12618.jpg,شمال
img_12619.jpg,همت
img_12620.jpg,شهید
img_12621.jpg,Sattari
img_12622.jpg,Exp.
img_12623.jpg,North
img_12624.jpg,Hemmat
img_12625.jpg,Exp.
img_12626.jpg,خروجی
img_12627.jpg,دوم
img_12628.jpg,آیت اله
img_12629.jpg,کاشانی
img_12630.jpg,شرق
img_12631.jpg,شهید
img_12632.jpg,ستاری
img_12633.jpg,جنوب
img_12634.jpg,Kashani
img_12635.jpg,Exp.
img_12636.jpg,East
img_12637.jpg,Sattari
img_12638.jpg,Exp.
img_12639.jpg,South
img_12640.jpg,دهکده
img_12641.jpg,Dehkadeh
img_12642.jpg,Blvd
img_12643.jpg,کرج
img_12644.jpg,Karaj
img_12645.jpg,ایران
img_12646.jpg,خودرو
img_12647.jpg,پژوهش
img_12648.jpg,فتح
img_12649.jpg,شهید
img_12650.jpg,لشگری
img_12651.jpg,Fath
img_12652.jpg,Exp.
img_12653.jpg,Lashgari
img_12654.jpg,Exp.
img_12655.jpg,Iran
img_12656.jpg,Khodro
img_12657.jpg,Blvd
img_12658.jpg,Pajoohesh
img_12659.jpg,Blvd
img_12660.jpg,80
img_12661.jpg,نمایشگاه
img_12662.jpg,بین
img_12663.jpg,المللی
img_12664.jpg,###
img_12665.jpg,مراکز
img_12666.jpg,تجاری
img_12667.jpg,Trade
img_12668.jpg,Centers
img_12669.jpg,مراکز
img_12670.jpg,شهر
img_12671.jpg,City
img_12672.jpg,Center
img_12673.jpg,H
img_12674.jpg,وشنامها
img_12675.jpg,Vashnamha
img_12676.jpg,60
img_12677.jpg,60
img_12678.jpg,شهید
img_12679.jpg,حیدرخانی
img_12680.jpg,فرجام
img_12681.jpg,Heydar
img_12682.jpg,Khani
img_12683.jpg,St.
img_12684.jpg,
img_12685.jpg,
img_12686.jpg,دانشگاه
img_12687.jpg,علم
img_12688.jpg,و
img_12689.jpg,صنعت
img_12690.jpg,Iran
img_12691.jpg,Univ.
img_12692.jpg,Of
img_12693.jpg,Science
img_12694.jpg,&
img_12695.jpg,Technology
img_12696.jpg,7129
img_12697.jpg,###
img_12698.jpg,لوریان
img_12699.jpg,SUZUKI
img_12700.jpg,VITARA
img_12701.jpg,SUZUKI
img_12702.jpg,###
img_12703.jpg,3
img_12704.jpg,ن
img_12705.jpg,263
img_12706.jpg,شهید
img_12707.jpg,باقری
img_12708.jpg,-
img_12709.jpg,جنوب
img_12710.jpg,بسیج
img_12711.jpg,Baqeri
img_12712.jpg,Exp.
img_12713.jpg,South
img_12714.jpg,Basij
img_12715.jpg,Exp.
img_12716.jpg,38
img_12717.jpg,SUZUKI
img_12718.jpg,یدکی
img_12719.jpg,پژو
img_12720.jpg,پراید
img_12721.jpg,رنو
img_12722.jpg,مرکزی
img_12723.jpg,ط
img_12724.jpg,584
img_12725.jpg,99
img_12726.jpg,فرودگاه
img_12727.jpg,کنارک
img_12728.jpg,ایرانشهر
img_12729.jpg,AirPort
img_12730.jpg,Konarak
img_12731.jpg,Iranshahr
img_12732.jpg,دشتیاری
img_12733.jpg,راسک
img_12734.jpg,Dashtyari
img_12735.jpg,Rask
img_12736.jpg,۸۰
img_12737.jpg,80
img_12738.jpg,فرودگاه
img_12739.jpg,کنارک
img_12740.jpg,ایرانشهر
img_12741.jpg,Airport
img_12742.jpg,Konark
img_12743.jpg,Iranshahr
img_12744.jpg,دشتیاری
img_12745.jpg,راسک
img_12746.jpg,Dashtyari
img_12747.jpg,rask
img_12748.jpg,فیلم نت
img_12749.jpg,نیکشهر
img_12750.jpg,ایرانشهر
img_12751.jpg,زاهدان
img_12752.jpg,20
img_12753.jpg,کیلومتر
img_12754.jpg,کیلومتر
img_12755.jpg,210
img_12756.jpg,530
img_12757.jpg,کیلومتر
img_12758.jpg,Nikshahr
img_12759.jpg,hah
img_12760.jpg,dan
img_12761.jpg,20
img_12762.jpg,210
img_12763.jpg,530
img_12764.jpg,km
img_12765.jpg,km
img_12766.jpg,km
img_12767.jpg,###
img_12768.jpg,###
img_12769.jpg,جوانمردان
img_12770.jpg,زیبا
img_12771.jpg,شهر
img_12772.jpg,Javanmardan
img_12773.jpg,Blvd
img_12774.jpg,Shahre
img_12775.jpg,Ziba
img_12776.jpg,شهید
img_12777.jpg,باکری
img_12778.jpg,-
img_12779.jpg,شمال
img_12780.jpg,شهید
img_12781.jpg,همت
img_12782.jpg,Bakeri
img_12783.jpg,Exp.
img_12784.jpg,North
img_12785.jpg,Hemmat
img_12786.jpg,Exp.
img_12787.jpg,شهید
img_12788.jpg,باکری
img_12789.jpg,جنوب
img_12790.jpg,المپیک
img_12791.jpg,Bakeri
img_12792.jpg,Exp.
img_12793.jpg,South
img_12794.jpg,Olympic
img_12795.jpg,Sq.
img_12796.jpg,###
img_12797.jpg,پیامبر
img_12798.jpg,مرکزی
img_12799.jpg,هجرت
img_12800.jpg,154
img_12801.jpg,شهید
img_12802.jpg,ستاری
img_12803.jpg,آیت
img_12804.jpg,اله
img_12805.jpg,کاشانی
img_12806.jpg,Sattari
img_12807.jpg,Exp.
img_12808.jpg,Kashani
img_12809.jpg,Blvd.
img_12810.jpg,کرج
img_12811.jpg,Karaj
img_12812.jpg,شهید
img_12813.jpg,باکری
img_12814.jpg,Bakeri
img_12815.jpg,Exp.
img_12816.jpg,کارگران
img_12817.jpg,مشغول
img_12818.jpg,کارند
img_12819.jpg,آهسته
img_12820.jpg,نرانید
img_12821.jpg,و
img_12822.jpg,قرودگاه
img_12823.jpg,کنارک
img_12824.jpg,نیک شهر
img_12825.jpg,مرکز
img_12826.jpg,ایرانشهر
img_12827.jpg,بندرعباس
img_12828.jpg,مراکز
img_12829.jpg,تجاری
img_12830.jpg,شهر
img_12831.jpg,بیمارستان
img_12832.jpg,امام
img_12833.jpg,علی
img_12834.jpg,َAir
img_12835.jpg,Port
img_12836.jpg,City
img_12837.jpg,Center
img_12838.jpg,H
img_12839.jpg,شهید
img_12840.jpg,سلیمانی
img_12841.jpg,-
img_12842.jpg,غرب
img_12843.jpg,24
img_12844.jpg,W
img_12845.jpg,سید
img_12846.jpg,خندان
img_12847.jpg,Seyyed
img_12848.jpg,Khandan
img_12849.jpg,شهید
img_12850.jpg,###
img_12851.jpg,###
img_12852.jpg,###
img_12853.jpg,###
img_12854.jpg,شهید
img_12855.jpg,حیدرخانی
img_12856.jpg,فرجام
img_12857.jpg,Heydarkhani
img_12858.jpg,St.
img_12859.jpg,Farjam
img_12860.jpg,St.
img_12861.jpg,امام
img_12862.jpg,علی
img_12863.jpg,(ع)
img_12864.jpg,سید
img_12865.jpg,خندان
img_12866.jpg,Imam
img_12867.jpg,Ali
img_12868.jpg,Exp.
img_12869.jpg,Seyyed
img_12870.jpg,Khandan
img_12871.jpg,ونک
img_12872.jpg,آرژانتین
img_12873.jpg,Vanak
img_12874.jpg,Sq.
img_12875.jpg,Arjantin
img_12876.jpg,Sq.
img_12877.jpg,نمایشگاه
img_12878.jpg,بین المللی
img_12879.jpg,تجاری
img_12880.jpg,مراکز
img_12881.jpg,مرکز
img_12882.jpg,شهر
img_12883.jpg,City
img_12884.jpg,Center
img_12885.jpg,H
img_12886.jpg,Trade
img_12887.jpg,Center
img_12888.jpg,Chabahar
img_12889.jpg,Exhibition
img_12890.jpg,شهید
img_12891.jpg,عبادی
img_12892.jpg,فرجام
img_12893.jpg,Ebadi
img_12894.jpg,St.
img_12895.jpg,Farjam
img_12896.jpg,St.
img_12897.jpg,امام
img_12898.jpg,علی
img_12899.jpg,ع
img_12900.jpg,سیدخندان
img_12901.jpg,Imam
img_12902.jpg,Ali
img_12903.jpg,Exp.
img_12904.jpg,Seyyed
img_12905.jpg,Khandan
img_12906.jpg,شهید
img_12907.jpg,مدرس
img_12908.jpg,شهید
img_12909.jpg,حکیم
img_12910.jpg,Modarres
img_12911.jpg,Exp.
img_12912.jpg,Hakim
img_12913.jpg,Exp.
img_12914.jpg,شهید
img_12915.jpg,سلیمانی
img_12916.jpg,24
img_12917.jpg,تهرانپارس
img_12918.jpg,Tehranpars
img_12919.jpg,دماوند
img_12920.jpg,بسیج
img_12921.jpg,Damavand
img_12922.jpg,St
img_12923.jpg,Basij
img_12924.jpg,Exp
img_12925.jpg,کنارک
img_12926.jpg,فرودگاه
img_12927.jpg,ایرانشهر
img_12928.jpg,Konarak
img_12929.jpg,Air
img_12930.jpg,Port
img_12931.jpg,Iranshahr
img_12932.jpg,راسک
img_12933.jpg,دشتیاری
img_12934.jpg,Rask
img_12935.jpg,Dashtyari
